table_name,row_company,row_ticker,row_cohort_name,row_comparison_point,claim_type,evidence_type,evidence_locator,source_path,accession,claim_text,confidence,notes
control-table.csv,Merck,MRK,earlier_sp500_top20_1996,dominance_year,control,raw_sec_txt,raw:MRK-1996:L306-L320; raw:MRK-1996:L691-L725,https://www.sec.gov/Archives/edgar/data/64978/000095013096000868/0000950130-96-000868.txt,0000950130-96-000868,"Merck stated no beneficial owner above five percent; directors/officers as a group held 491,001 shares plus options for 1,022,278 shares against 1,227,258,113 shares outstanding.",high,Corrected to historical Merck CIK 0000064978; raw SEC text used because old proxy pack rendering is unreliable for this period.
control-table.csv,IBM,IBM,earlier_sp500_top20_1996,dominance_year,control,raw_sec_txt,raw:IBM-1996:L684-L743,https://www.sec.gov/Archives/edgar/data/51143/000095011296000792/0000950112-96-000792.txt,0000950112-96-000792,IBM disclosed director/officer common-stock voting and investment power; stock plus acquirable shares represented less than 1% and no individual exceeded 0.1%.,high,"No founder, family, or controlling shareholder signal found in reviewed proxy ownership table."
control-table.csv,Procter & Gamble,PG,earlier_sp500_top20_1996,dominance_year,control,raw_sec_txt,raw:PG-1996:L1346-L1455; raw:PG-1996:L1456-L1475,https://www.sec.gov/Archives/edgar/data/80424/000008042496000015/0000080424-96-000015.txt,0000080424-96-000015,"P&G disclosed directors/officers held 0.709% of common stock; the ESOP Trust held 60.33% of Series A ESOP preferred stock, with voting directed by participants or proportionally by trustees.",high,"Classified as other-control signal because the material block is an ESOP preferred trust, not founder or family ownership."
control-table.csv,Johnson & Johnson,JNJ,earlier_sp500_top20_1996,dominance_year,control,raw_sec_txt,raw:JNJ-1996:L477-L491,https://www.sec.gov/Archives/edgar/data/200406/000095011096000240/0000950110-96-000240.txt,0000950110-96-000240,"J&J disclosed each listed individual/group owned less than one percent, except co-trustee control of 5,218,864 shares without economic interest; aggregate owned/controlled shares were about 1%.",high,No founder-control signal found in reviewed stock ownership/control section.
control-table.csv,Bristol-Myers Squibb,BMY,earlier_sp500_top20_1996,dominance_year,control,raw_sec_txt,raw:BMY-1996:L432-L476,https://www.sec.gov/Archives/edgar/data/14272/000095011796000222/0000950117-96-000222.txt,0000950117-96-000222,"Bristol-Myers Squibb disclosed voting securities and principal holders; all directors/officers as a group held 3,813,401 common shares, or 0.7%, and no directors/officers owned preferred stock.",high,"No founder, family, or controlling shareholder signal found in reviewed proxy ownership evidence."
control-table.csv,Pfizer,PFE,earlier_sp500_top20_1996,dominance_year,control,raw_sec_txt,raw:PFE-1996:L332-L350,https://www.sec.gov/Archives/edgar/data/78003/000091205796004748/0000912057-96-004748.txt,0000912057-96-004748,Pfizer disclosed no director or executive officer beneficially owned more than 0.13%; all directors and executive officers as a group owned shares and exercisable options totaling less than 1%.,high,No founder-control signal found in reviewed security ownership of management section.
control-table.csv,Walt Disney,DIS,earlier_sp500_top20_1996,dominance_year,control,raw_sec_txt,raw:DIS-1996:L316-L375; raw:DIS-1996:L408-L414,https://www.sec.gov/Archives/edgar/data/1001039/000089843097000058/0000898430-97-000058.txt,0000898430-97-000058,"Disney disclosed no beneficial owner above 5%; Roy E. Disney held 1.1%, and all current directors/officers as a group held 3.0%.",high,EdgarPack current DIS maps to CIK 0001744489; 1997 proxy for predecessor CIK 0001001039 is used as the nearest available dominance-year proxy.
control-table.csv,PepsiCo,PEP,earlier_sp500_top20_1996,dominance_year,control,raw_sec_txt,raw:PEP-1996:L184-L191; raw:PEP-1996:L373-L423,https://www.sec.gov/Archives/edgar/data/77476/000007747696000022/0000077476-96-000022.txt,0000077476-96-000022,PepsiCo disclosed one vote per share and no known beneficial owner above 5%; directors and executive officers as a group owned less than 1%.,high,No founder-control signal found in reviewed proxy ownership evidence.
control-table.csv,Chevron,CVX,earlier_sp500_top20_1996,dominance_year,control,raw_sec_txt,raw:CVX-1996:L441-L458; raw:CVX-1996:L470-L484,https://www.sec.gov/Archives/edgar/data/93410/000095014996000255/0000950149-96-000255.txt,0000950149-96-000255,Chevron disclosed director/officer beneficial ownership under SEC voting/investment power rules; all table amounts represented less than 1% of outstanding Chevron stock.,high,"No founder, family, or controlling shareholder signal found in reviewed proxy ownership section."
control-table.csv,AIG,AIG,earlier_sp500_top20_1996,dominance_year,control,raw_sec_txt,raw:AIG-1996:L401-L455; raw:AIG-1996:L456-L475,https://www.sec.gov/Archives/edgar/data/5272/000095012396001545/0000950123-96-001545.txt,0000950123-96-001545,"AIG disclosed equity securities of AIG and its parents: M. R. Greenberg held 2.25% of AIG, and directors/officers as a group held 6.20% of AIG, 83.02% of Starr, and 81.82% of SICO.",high,Classified as other-control signal because evidence is a private holding-company/parent network rather than founder-family voting control.
control-table.csv,Cisco Systems,CSCO,earlier_sp500_top20_1996,dominance_year,control,raw_sec_txt,raw:CSCO-1996:L1096-L1140; raw:CSCO-1996:L1140-L1152,https://www.sec.gov/Archives/edgar/data/858877/000095014996001536/0000950149-96-001536.txt,0000950149-96-001536,"Cisco disclosed no 5% shareholders based on 1996 13G review; John P. Morgridge held 1.55%, and all current officers/directors held 1.95%.",high,Cisco founders were not visible in the reviewed 1996 proxy ownership table; row records professional-manager/dispersed control evidence.
control-table.csv,Eli Lilly,LLY,earlier_sp500_top20_1996,dominance_year,control,raw_sec_txt,raw:LLY-1996:L576-L624; raw:LLY-1996:L656-L692,https://www.sec.gov/Archives/edgar/data/59478/000095013096000714/0000950130-96-000714.txt,0000950130-96-000714,"Lilly disclosed directors/officers as a group owned 0.114%; Lilly Endowment owned 16.959% with sole voting/investment power, and NCBI held 6.841% in fiduciary capacities.",high,Classified as other-control signal; the SEC excerpt supports an Endowment block but does not by itself establish founder-family control.
control-table.csv,Fannie Mae,FNMA,earlier_sp500_top20_1996,dominance_year,control,availability_exception,availability_exception:FNMA-1996:no-sec-control-filing,reports/dominant-company-architecture/search-notes/fnma-1996-sec-availability.md,no-1995-1997-sec-control-filing,"No 1995-1997 SEC/EdgarPack DEF 14A, 10-K, 10-K405, DEF 14C, or PRE 14A filing was located for Fannie Mae CIK 0000310522; issuer material is documented only as context.",low,"Task 2 treats this as an unresolved availability exception, not a normal SEC-backed control observation, until a SEC/raw SEC source is found."
control-table.csv,JPMorgan Chase,JPM,earlier_sp500_top20_1996,dominance_year,control,raw_sec_txt,raw:JPM-1996:L627-L653; raw:JPM-1996:L675-L705,https://www.sec.gov/Archives/edgar/data/19617/000095012396001749/0000950123-96-001749.txt,0000950123-96-001749,"Chase Manhattan disclosed post-merger beneficial ownership; directors/officers as a group held 2,807,354 shares and management holdings including acquisition rights represented less than 1%.",high,1996 cohort company maps to Chase Manhattan/JPMorgan Chase predecessor continuity; the 1996 Chase Manhattan proxy is used.
control-table.csv,Amazon,AMZN,current_sp500_top20_2026,dominance_year,control,chunk_id,3c86a932fb23937d; 7557b8ed1b16b3f7; f80498a98d945010,packs/0001018724/0001104659-26-041026,0001104659-26-041026,"Amazon identifies Jeffrey P. Bezos as founder and Executive Chair; he beneficially owned 950,434,581 shares, or 8.8%, while all current directors and officers held 8.9%.",high,2026 proxy filed before current date; founder has visible board/operator influence but no majority voting control.
control-table.csv,Tesla,TSLA,current_sp500_top20_2026,dominance_year,control,chunk_id,c2433bd16f1aca79; 4cc84ef54cc22241; 73a36fa8d8400d94; 79e6ae777978360d,packs/0001318605/0001104659-25-090866,0001104659-25-090866,"Tesla described Musk as CEO, one of its founders and largest shareholder; it disclosed 19.8% beneficial ownership, votable restricted shares, and a Chancery Court controlling-stockholder finding for the 2018 CEO award.",high,No 2026 proxy was filed by 2026-04-28; latest 2025 proxy used. Classification captures Musk founder/operator-control influence from primary proxy evidence.
control-table.csv,Berkshire Hathaway,BRK.B,current_sp500_top20_2026,dominance_year,control,chunk_id,d73936c43b55c27e; d3137ae4ffe62beb; 95bd00cf01307e93,packs/0001067983/0001193125-26-106253,0001193125-26-106253,"Berkshire states Buffett is its largest shareholder, with about 30.0% voting interest and 13.7% economic interest, and may be deemed a controlling shareholder; the ownership table shows 30.2% aggregate voting power.",high,Non-founder operator/shareholder control does not fit founder-family categories; classified as other control with strong signal.
control-table.csv,Walmart,WMT,current_sp500_top20_2026,dominance_year,control,chunk_id,b4272ef98ff5f438; ad36c3c3d3a58e6e; 80a2fb5998837bc5,packs/0000104169/0001193125-26-173673,0001193125-26-173673,"Walmart disclosed Walton Enterprises and Walton Family Holdings Trust as greater-than-5% holders; Walton Enterprises beneficially owned/voted 3,516,197,849 shares, or 44.11%, including trust shares under an irrevocable proxy.",high,2026 proxy filed before current date; family block remains below majority but is a strong founder-family control signal.
control-table.csv,Eli Lilly,LLY,current_sp500_top20_2026,dominance_year,control,chunk_id,205b826508898410,packs/0000059478/0000059478-26-000029,0000059478-26-000029,"Lilly disclosed Lilly Endowment Inc. beneficially owned 92,190,516 shares, or 9.8%, with sole voting and dispositive power; other 5% holders were Vanguard, BlackRock, and PNC.",high,"Visible historical/endowment block, but not treated as control; no majority or operating founder-family control found in reviewed ownership section."
control-table.csv,Exxon Mobil,XOM,current_sp500_top20_2026,dominance_year,control,chunk_id,28eb56b20ab45d29; 5a3d0bf61b864936,packs/0000034088/0001193125-26-147614,0001193125-26-147614,"ExxonMobil stated Vanguard, BlackRock, and State Street were the only beneficial owners above 5% of common stock; no founder, family, or controlling shareholder block was disclosed in the reviewed ownership section.",high,2026 proxy filed before current date; classified as manager/institutional public-company control.
control-table.csv,Visa,V,current_sp500_top20_2026,dominance_year,control,chunk_id,ce845bf027c34ef4; 876af9f398e96bc4,packs/0001403161/0001308179-25-000635,0001308179-25-000635,Visa disclosed directors and current executive officers as a group owned less than 1% of Class A common stock; principal holders above 5% were Vanguard and BlackRock.,high,No 2026 proxy was filed by 2026-04-28; latest 2025 proxy used. No founder/family control signal found.
control-table.csv,Micron Technology,MU,current_sp500_top20_2026,dominance_year,control,chunk_id,6dcffe49591f86f5,packs/0000723125/0000723125-25-000038,0000723125-25-000038,"Micron disclosed 5% holders Vanguard, BlackRock, and Capital World Investors; named directors and officers shown in the ownership table were below 1% individually.",high,No 2026 proxy was filed by 2026-04-28; latest 2025 proxy used. No founder/family control signal found.
control-table.csv,Advanced Micro Devices,AMD,current_sp500_top20_2026,dominance_year,control,chunk_id,45f202ea7b0724c6,packs/0000002488/0001193125-26-129057,0001193125-26-129057,AMD disclosed Vanguard at 8.8% and BlackRock at 7.7%; Lisa Su and all current directors/executive officers were below 1% in the security ownership table.,high,2026 proxy filed before current date; no founder/family control signal found.
control-table.csv,Johnson & Johnson,JNJ,current_sp500_top20_2026,dominance_year,control,chunk_id,882a99252db54bbe; f840610c0a140dfa,packs/0000200406/0000200406-26-000063,0000200406-26-000063,"J&J disclosed each listed director/officer was below 1%; Johnson Family Trust trustee-controlled shares plus director/officer ownership/control totaled less than 1%, while Vanguard, BlackRock, and State Street were the only 5% holders.",high,"2026 proxy filed before current date; Johnson Family Trust trustee control is below 1% and without economic interest, so no founder/family control signal."
control-table.csv,Oracle,ORCL,current_sp500_top20_2026,dominance_year,control,chunk_id,5308eea68babe308; 75d125f508554b9c; 39d7103881f8c809,packs/0001341439/0001193125-25-220801,0001193125-25-220801,"Oracle identifies Lawrence J. Ellison as Executive Chair, CTO, Founder, and largest stockholder; he beneficially owned 1,158,232,353 shares, or 40.6%, with one-share one-vote accountability.",high,No 2026 proxy was filed by 2026-04-28; latest 2025 proxy used. Strong founder-operator influence without majority voting control.
control-table.csv,Mastercard,MA,current_sp500_top20_2026,dominance_year,control,chunk_id,cd05bda4214989a8; 71f83f467e59a257; 0a9795b44621ecb9,packs/0001141391/0001141391-26-000021,0001141391-26-000021,"Mastercard disclosed Class A common stock is its only voting stock and Class B is non-voting and below 1% of equity; 5% Class A owners were Vanguard, BlackRock, and Mastercard Foundation Asset Management.",high,2026 proxy filed before current date. Not classified as single-class; Foundation holder is visible but not treated as founder/family control from proxy evidence.
control-table.csv,Costco Wholesale,COST,current_sp500_top20_2026,dominance_year,control,chunk_id,932e62f485b02466,packs/0000909832/0000909832-25-000159,0000909832-25-000159,Costco disclosed Vanguard at 9.79% and BlackRock at 7.83% as the only groups known to own more than 5% of outstanding common stock.,high,No 2026 proxy was filed by 2026-04-28; latest 2025 proxy used. No founder/family control signal found.
governance-table.csv,Microsoft,MSFT,earlier_sp500_top20_1996,dominance_year,governance,raw_sec_txt,raw:MSFT-1996:L231-L239; raw:MSFT-1996:L311-L318; raw:MSFT-1996:L1111-L1116,https://www.sec.gov/Archives/edgar/data/789019/000089843096004549/0000898430-96-004549.txt,0000898430-96-004549,"Microsoft disclosed one vote per common share, annual election of eight directors until the next annual meeting, standing board committees without independence language, and Deloitte & Touche LLP as independent public auditors.",medium,Raw SEC text used because old proxy pack rendering is unreliable for this period.
governance-table.csv,Intel,INTC,earlier_sp500_top20_1996,dominance_year,governance,raw_sec_txt,raw:INTC-1996:L305-L308; raw:INTC-1996:L348-L350; raw:INTC-1996:L583-L591; raw:INTC-1996:L1266-L1290,https://www.sec.gov/Archives/edgar/data/50863/000089843096001197/0000898430-96-001197.txt,0000898430-96-001197,"Intel disclosed one vote per common share, director nominees serving until the next annual meeting, shareholder nominee recommendations to the Nominating Committee, and Ernst & Young LLP as independent auditors.",medium,Raw SEC text used because old proxy pack rendering is unreliable for this period.
governance-table.csv,Walmart,WMT,earlier_sp500_top20_1996,dominance_year,governance,raw_sec_txt,raw:WMT-1996:L165-L172; raw:WMT-1996:L188-L190; raw:WMT-1996:L678-L708; raw:WMT-1996:L894-L899,https://www.sec.gov/Archives/edgar/data/104169/000010416996000003/0000104169-96-000003.txt,0000104169-96-000003,"Walmart disclosed one vote per common share, directors elected at each annual meeting, shareholder candidate recommendations forwarded to the Board, and Ernst & Young LLP as independent auditors.",medium,Raw SEC text used because old proxy pack rendering is unreliable for this period.
governance-table.csv,Exxon Mobil,XOM,earlier_sp500_top20_1996,dominance_year,governance,raw_sec_txt,raw:XOM-1996:L384-L393; raw:XOM-1996:L449-L456; raw:XOM-1996:L507-L512; raw:XOM-1996:L1667-L1672; raw:XOM-1996:L1801-L1809,https://www.sec.gov/Archives/edgar/data/34088/000095011796000195/0000950117-96-000195.txt,0000950117-96-000195,"Exxon disclosed annual director elections, nine of twelve nominees not employed by Exxon, nonemployee audit and nominating committees, common and Class A preferred shares voting together one vote per share, and Price Waterhouse LLP as independent public accountants.",high,Raw SEC text used because old proxy pack rendering is unreliable for this period.
governance-table.csv,Coca-Cola,KO,earlier_sp500_top20_1996,dominance_year,governance,raw_sec_txt,raw:KO-1996:L290-L318; raw:KO-1996:L745-L774; raw:KO-1996:L2118-L2130,https://www.sec.gov/Archives/edgar/data/21344/000095014496000760/0000950144-96-000760.txt,0000950144-96-000760,"Coca-Cola disclosed one vote per common share, a three-class board with three-year terms, outside-director finance/audit/compensation/directors committees, share-owner nominee recommendations, and Ernst & Young LLP as independent auditors.",high,Raw SEC text used because old proxy pack rendering is unreliable for this period.
governance-table.csv,General Electric,GE,earlier_sp500_top20_1996,dominance_year,governance,raw_sec_txt,raw:GE-1996:L285-L287; raw:GE-1996:L637-L646; raw:GE-1996:L968-L985; raw:GE-1996:L1406-L1422; raw:GE-1996:L2198-L2202,https://www.sec.gov/Archives/edgar/data/40545/000004054596000003/0000040545-96-000003.txt,0000040545-96-000003,"GE disclosed one vote per common share, annual election of fourteen directors until the 1997 annual meeting, an outside-director compensation committee, audit committee duties, and KPMG Peat Marwick LLP as independent auditors.",medium,Raw SEC text used because old proxy pack rendering is unreliable for this period.
governance-table.csv,Merck,MRK,earlier_sp500_top20_1996,dominance_year,governance,raw_sec_txt,raw:MRK-1996:L319-L324; raw:MRK-1996:L559-L585; raw:MRK-1996:L1548-L1554; raw:MRK-1996:L1837-L1872,https://www.sec.gov/Archives/edgar/data/64978/000095013096000868/0000950130-96-000868.txt,0000950130-96-000868,"Merck disclosed one vote per common share with cumulative voting for directors, independent director/audit committees, classified three-year board terms, shareholder nomination procedures under its by-laws, and Arthur Andersen LLP as auditor.",high,Corrected to historical Merck CIK 0000064978; raw SEC text used because old proxy pack rendering is unreliable for this period.
governance-table.csv,IBM,IBM,earlier_sp500_top20_1996,dominance_year,governance,raw_sec_txt,raw:IBM-1996:L480-L489; raw:IBM-1996:L541-L548; raw:IBM-1996:L574-L576; raw:IBM-1996:L1423-L1438; raw:IBM-1996:L1582-L1585,https://www.sec.gov/Archives/edgar/data/51143/000095011296000792/0000950112-96-000792.txt,0000950112-96-000792,"IBM disclosed common stock as the only voting class, one-year director terms, an 11-of-12 outside independent board, outside/independent key committees, stockholder candidate recommendations, and Price Waterhouse LLP as independent accountants.",high,Raw SEC text used because old proxy pack rendering is unreliable for this period.
governance-table.csv,Procter & Gamble,PG,earlier_sp500_top20_1996,dominance_year,governance,raw_sec_txt,raw:PG-1996:L268-L277; raw:PG-1996:L544-L552; raw:PG-1996:L1587-L1610; raw:PG-1996:L1672-L1683,https://www.sec.gov/Archives/edgar/data/80424/000008042496000015/0000080424-96-000015.txt,0000080424-96-000015,"P&G disclosed common and Series A/B ESOP preferred shares each carrying one vote, an audit committee role, Deloitte & Touche LLP as independent auditors, and a classified board with staggered three-year terms.",high,Raw SEC text used because old proxy pack rendering is unreliable for this period.
governance-table.csv,Johnson & Johnson,JNJ,earlier_sp500_top20_1996,dominance_year,governance,raw_sec_txt,raw:JNJ-1996:L139-L150; raw:JNJ-1996:L180-L190; raw:JNJ-1996:L571-L583; raw:JNJ-1996:L1257-L1263; raw:JNJ-1996:L1458-L1464,https://www.sec.gov/Archives/edgar/data/200406/000095011096000240/0000950110-96-000240.txt,0000950110-96-000240,"J&J disclosed one vote per common share, annual election of fifteen directors until the next annual meeting, audit committee duties, a disinterested/outside stock-plan committee standard, and Coopers & Lybrand L.L.P. as independent auditors.",medium,Raw SEC text used because old proxy pack rendering is unreliable for this period.
governance-table.csv,Bristol-Myers Squibb,BMY,earlier_sp500_top20_1996,dominance_year,governance,raw_sec_txt,raw:BMY-1996:L330-L334; raw:BMY-1996:L627-L635; raw:BMY-1996:L677-L686; raw:BMY-1996:L1578-L1584; raw:BMY-1996:L1630-L1648,https://www.sec.gov/Archives/edgar/data/14272/000095011796000222/0000950117-96-000222.txt,0000950117-96-000222,"Bristol-Myers Squibb disclosed one vote per common/preferred share, nonemployee committee composition except the Executive Committee, stockholder nominee recommendations, Price Waterhouse as independent accountants, and a classified board with staggered terms affecting board-control changes.",high,Raw SEC text used because old proxy pack rendering is unreliable for this period.
governance-table.csv,Pfizer,PFE,earlier_sp500_top20_1996,dominance_year,governance,raw_sec_txt,raw:PFE-1996:L218-L224; raw:PFE-1996:L247-L276; raw:PFE-1996:L317-L320; raw:PFE-1996:L998-L999; raw:PFE-1996:L1843-L1856; raw:PFE-1996:L1875-L1884; raw:PFE-1996:L1905-L1926; raw:PFE-1996:L2338-L2352,https://www.sec.gov/Archives/edgar/data/78003/000091205796004748/0000912057-96-004748.txt,0000912057-96-004748,"Pfizer disclosed one vote per common share, plurality director voting, a three-class board with three-year terms, independent/nonemployee key committees, advance-notice shareholder nomination procedures, and KPMG Peat Marwick LLP as independent auditors.",high,Raw SEC text used because old proxy pack rendering is unreliable for this period.
governance-table.csv,Walt Disney,DIS,earlier_sp500_top20_1996,dominance_year,governance,raw_sec_txt,raw:DIS-1996:L241-L247; raw:DIS-1996:L420-L436; raw:DIS-1996:L722-L736; raw:DIS-1996:L739-L748; raw:DIS-1996:L1979-L1984,https://www.sec.gov/Archives/edgar/data/1001039/000089843097000058/0000898430-97-000058.txt,0000898430-97-000058,"Disney disclosed one vote per common share, a three-class board with three-year terms, audit-review committee duties including accountant independence review, stockholder nominee recommendations, and Price Waterhouse LLP as independent accountants.",high,Predecessor CIK 0001001039 proxy used for 1996-era Disney; raw SEC text used because old proxy pack rendering is unreliable.
governance-table.csv,PepsiCo,PEP,earlier_sp500_top20_1996,dominance_year,governance,raw_sec_txt,raw:PEP-1996:L187-L190; raw:PEP-1996:L202-L204; raw:PEP-1996:L348-L359; raw:PEP-1996:L819-L824,https://www.sec.gov/Archives/edgar/data/77476/000007747696000022/0000077476-96-000022.txt,0000077476-96-000022,"PepsiCo disclosed capital stock entitled to one vote each, annual election of thirteen directors until the next annual meeting, a compact independent board structure with outside directors on the two committees, and KPMG Peat Marwick LLP as independent auditors.",medium,Raw SEC text used because old proxy pack rendering is unreliable for this period.
governance-table.csv,Chevron,CVX,earlier_sp500_top20_1996,dominance_year,governance,raw_sec_txt,raw:CVX-1996:L171-L174; raw:CVX-1996:L271-L278; raw:CVX-1996:L305-L309; raw:CVX-1996:L500-L528; raw:CVX-1996:L1088-L1116,https://www.sec.gov/Archives/edgar/data/93410/000095014996000255/0000950149-96-000255.txt,0000950149-96-000255,"Chevron disclosed one vote per common share, directors elected for the ensuing year, a nonemployee Audit Committee, stockholder nominee recommendations to the Board Nominating Committee, and Price Waterhouse LLP as independent public accountants.",high,Raw SEC text used because old proxy pack rendering is unreliable for this period.
governance-table.csv,AIG,AIG,earlier_sp500_top20_1996,dominance_year,governance,raw_sec_txt,raw:AIG-1996:L200-L209; raw:AIG-1996:L367-L376; raw:AIG-1996:L384-L390; raw:AIG-1996:L1266-L1279; raw:AIG-1996:L1378-L1382,https://www.sec.gov/Archives/edgar/data/5272/000095012396001545/0000950123-96-001545.txt,0000950123-96-001545,"AIG disclosed one vote per common share, annual election of fifteen directors, audit committee duties, a board-as-whole nominating process with independent directors comprising a majority per management statement, and Coopers & Lybrand L.L.P. as independent accountants.",medium,Raw SEC text used because old proxy pack rendering is unreliable for this period.
governance-table.csv,Cisco Systems,CSCO,earlier_sp500_top20_1996,dominance_year,governance,raw_sec_txt,raw:CSCO-1996:L258-L264; raw:CSCO-1996:L327-L331; raw:CSCO-1996:L760-L772; raw:CSCO-1996:L1068-L1091; raw:CSCO-1996:L1198-L1204,https://www.sec.gov/Archives/edgar/data/858877/000095014996001536/0000950149-96-001536.txt,0000950149-96-001536,"Cisco disclosed common stock as the only voting security with one vote per share, directors serving until the next annual meeting, outside-director compensation/stock-option committee composition, change-in-control option acceleration that may discourage takeovers, and Coopers & Lybrand L.L.P. as independent accountants.",medium,Raw SEC text used because old proxy pack rendering is unreliable for this period.
governance-table.csv,Eli Lilly,LLY,earlier_sp500_top20_1996,dominance_year,governance,raw_sec_txt,raw:LLY-1996:L245-L250; raw:LLY-1996:L265-L278; raw:LLY-1996:L523-L542; raw:LLY-1996:L1473-L1494; raw:LLY-1996:L1534-L1543; raw:LLY-1996:L1830-L1836,https://www.sec.gov/Archives/edgar/data/59478/000095013096000714/0000950130-96-000714.txt,0000950130-96-000714,"Lilly disclosed one vote per common share with no other voting securities, a three-class board with three-year terms, shareholder nominee recommendations, anti-takeover effects from classified board/supermajority/preferred-stock provisions, and Ernst & Young LLP as independent auditors.",high,Raw SEC text used because old proxy pack rendering is unreliable for this period.
governance-table.csv,Fannie Mae,FNMA,earlier_sp500_top20_1996,dominance_year,governance,availability_exception,availability_exception:FNMA-1996:no-sec-governance-filing,reports/dominant-company-architecture/search-notes/fnma-1996-sec-availability.md,no-1995-1997-sec-governance-filing,No 1995-1997 SEC/EdgarPack governance filing was located for Fannie Mae CIK 0000310522; governance fields remain unresolved rather than using non-SEC issuer material as normal evidence.,low,Availability exception; existing FNMA search note documents the SEC/EdgarPack filing gap.
governance-table.csv,JPMorgan Chase,JPM,earlier_sp500_top20_1996,dominance_year,governance,raw_sec_txt,raw:JPM-1996:L344-L348; raw:JPM-1996:L363-L368; raw:JPM-1996:L755-L762; raw:JPM-1996:L778-L785; raw:JPM-1996:L885-L887; raw:JPM-1996:L1540-L1550,https://www.sec.gov/Archives/edgar/data/19617/000095012396001749/0000950123-96-001749.txt,0000950123-96-001749,"Chase Manhattan disclosed one vote per common share, annual election of the full board until the next annual meeting, stockholder nominee recommendations to the Governance Committee, an outside disinterested compensation committee, and Price Waterhouse LLP as independent accountants.",medium,1996 cohort company maps to Chase Manhattan/JPMorgan Chase predecessor continuity; raw SEC text used because old proxy pack rendering is unreliable.
governance-table.csv,NVIDIA,NVDA,current_sp500_top20_2026,dominance_year,governance,chunk_id,cd28f029b50428b5; 205b2864f804cb69; 8238882d9d40a85e; de349a3d554706e3; d3e6afd904aa8ff8,packs/0001045810/0001045810-25-000095,0001045810-25-000095,"NVIDIA disclosed one vote per common share, proxy access, a declassified board, majority voting, independent directors except the CEO, independent key committees, no stockholder rights plan, and PwC as fiscal 2026 auditor.",high,Governance uses the same latest available 2025 proxy selected for the control row; no 2026 proxy was filed by 2026-04-28.
governance-table.csv,Alphabet,GOOGL,current_sp500_top20_2026,dominance_year,governance,chunk_id,faf9ae84977a5f99; e9d86c93b5803d65; 42a9221e7e2f4365; 83754022fa0d7ccc; b68f999bb610d6ef; 1a5c63e2a6dca0f0,packs/0001652044/0001308179-26-000342,0001308179-26-000342,"Alphabet disclosed Class A/Class B voting together with one and ten votes per share and non-voting Class C, annual majority-vote director elections, independent nominees except the founders and CEO, independent audit/governance committees, and EY as 2026 auditor.",high,"Governance uses the same 2026 proxy selected for the control row; proxy access was not found in reviewed chunks, so the nomination field is limited to shareholder nomination procedures."
governance-table.csv,Meta Platforms,META,current_sp500_top20_2026,dominance_year,governance,chunk_id,1222e563fd127dbd; 14af008e284321b8; ed3221458a1a521a; 65930cd3f5f65a7b; d13b8eb799b80458; 992d510fabe99353,packs/0001326801/0001628280-26-025532,0001628280-26-025532,"Meta disclosed Class A one-vote and Class B ten-vote common stock, annual director terms while Class B holds majority voting power, independent director and committee signals, shareholder nomination procedures, and EY as 2026 auditor.",medium,Governance uses the same 2026 proxy selected for the control row; proxy access was not found in reviewed chunks and board-independence evidence is director/committee-level rather than a single full-board determination.
governance-table.csv,Apple,AAPL,current_sp500_top20_2026,dominance_year,governance,chunk_id,e9e0ff2932f8123c; 93a103078e79b17c; 6425e318eddd383f; 75a1f4d4409a36e1,packs/0000320193/0001308179-26-000008,0001308179-26-000008,"Apple disclosed one-share one-vote single-class stock, annual one-year director elections with majority voting, proxy access, an independent Audit and Finance Committee, and EY as 2026 auditor.",high,Governance uses the same 2026 proxy selected for the control row.
governance-table.csv,Microsoft,MSFT,current_sp500_top20_2026,dominance_year,governance,chunk_id,33339b13542724e9; 3ecb9ff62be69c8a; 6f4098b1fae23c5b; d812c6442384d430,packs/0000789019/0001193125-25-245150,0001193125-25-245150,"Microsoft disclosed a single class with one vote per share, annual unclassified director elections, majority voting, proxy access, 11 of 12 independent nominees with independent committees, and Deloitte & Touche as 2026 auditor.",high,Governance uses the same 2025 proxy selected for the control row; no 2026 proxy was filed by 2026-04-28.
governance-table.csv,Broadcom,AVGO,current_sp500_top20_2026,dominance_year,governance,chunk_id,6d683c86c23a23ae; 84e0e26b6f999afe; 948616d5cd47709c; 6ffdad2441f78bb4,packs/0001730168/0001193125-26-085691,0001193125-26-085691,"Broadcom disclosed one vote per common share, proxy access, annual election of all directors, majority voting, seven of eight independent nominees, no poison pill, no supermajority bylaw amendment requirement, and PwC as fiscal 2026 auditor.",medium,Governance uses the same 2026 proxy selected for the control row; committee independence was not separately found in reviewed chunks beyond the board-independence governance summary.
governance-table.csv,JPMorgan Chase,JPM,current_sp500_top20_2026,dominance_year,governance,chunk_id,583ef0e287a1c7d3; cfa56b9e64f9da72; 26999ccc2f8c1722; a6f4d744281ebd0d,packs/0000019617/0000019617-26-000096,0000019617-26-000096,"JPMorgan Chase disclosed annual majority-vote director elections, proxy access and nomination procedures, 100% principal standing committee independence, independent-director sessions, no poison pill, and PwC as 2026 auditor.",high,Governance uses the same 2026 proxy selected for the control row; share-class label relies on common-stock voting references rather than a separate capital-structure table.
governance-table.csv,Amazon,AMZN,current_sp500_top20_2026,dominance_year,governance,chunk_id,06f27f9dc2561d28; 7557b8ed1b16b3f7; 40fc225729f5f5d4; fb27544775c9ff8e,packs/0001018724/0001104659-26-041026,0001104659-26-041026,"Amazon disclosed a single class with one share one vote, a declassified board with annual elections and majority voting, lead independent director practices, proxy access, shareholder candidate mechanisms, and EY as 2026 auditor.",medium,"Governance uses the same 2026 proxy selected for the control row; committee independence was not found in the reviewed chunks, so that field is not_disclosed."
governance-table.csv,Tesla,TSLA,current_sp500_top20_2026,dominance_year,governance,chunk_id,5e9b74d1541970e3; fb9aaf3276b9f9ba; 8ce2cff297240393; c636ff4ce14470d4; 9a627b49655d1d03; 9d64a1346ba9b0b6,packs/0001318605/0001104659-25-090866,0001104659-25-090866,"Tesla disclosed common-stock voting as a single class, a classified board with Class III directors and shareholder proposal pressure for annual elections, proxy access and advance-notice provisions, supermajority elimination proposals, and PwC as 2025 auditor.",medium,Governance uses the same latest available 2025 proxy selected for the control row; no 2026 proxy was filed by 2026-04-28 and board-independence evidence is less compact than other current rows.
governance-table.csv,Berkshire Hathaway,BRK.B,current_sp500_top20_2026,dominance_year,governance,chunk_id,2118bc7e74a92da0; 12ae5fc4bceee525; 05f005042140a813; d3137ae4ffe62beb,packs/0001067983/0001193125-26-106253,0001193125-26-106253,"Berkshire disclosed Class A and Class B common stock with one vote and one-ten-thousandth vote per share, annual plurality director elections with a resignation policy, independent governance-committee members, and Deloitte & Touche as auditor.",medium,Governance uses the same 2026 proxy selected for the control row; proxy access and takeover-defense signals were not found in reviewed chunks.
governance-table.csv,Walmart,WMT,current_sp500_top20_2026,dominance_year,governance,chunk_id,f50139cba1bce9ad; ac2d76aeff9df39a; 1f94eaf813bd6b36; b4272ef98ff5f438; 3f2f478d78f6b936,packs/0000104169/0001193125-26-173673,0001193125-26-173673,"Walmart disclosed common-share voting, annual director elections with majority voting in uncontested elections, market-standard proxy access, no poison pill or supermajority voting requirements, a majority-independent-board commitment, and EY as fiscal 2027 auditor.",high,Governance uses the same 2026 proxy selected for the control row.
governance-table.csv,Eli Lilly,LLY,current_sp500_top20_2026,dominance_year,governance,chunk_id,b0c95ba867e08e55; a2244372b6b8e577; a759db86a0aeeb67; 4e96c63e92c4eb21; 3d583986cabb19f8; 4dc001ec28254cbf,packs/0000059478/0000059478-26-000029,0000059478-26-000029,"Lilly disclosed one vote per common share, a three-class board with a proposal to eliminate classified terms, proxy access, independent standing-committee and lead-independent-director signals, supermajority elimination proposals, and EY as 2026 auditor.",high,Governance uses the same 2026 proxy selected for the control row; classified-board and supermajority fields record the pre-vote governance state plus management proposals to eliminate them.
governance-table.csv,Exxon Mobil,XOM,current_sp500_top20_2026,dominance_year,governance,chunk_id,0e19c2880a067e6b; 9a86431cde71c213; ef07b3cf77c631c2; 4d07558cfdb5df03; abb3ba01047094df,packs/0000034088/0001193125-26-147614,0001193125-26-147614,"ExxonMobil disclosed common shares with one vote, independent directors except the CEO, 100% independent key committees, proxy access timing, annual-election governance, special-meeting rights, Texas redomiciliation, and PwC as 2026 auditor.",medium,Governance uses the same 2026 proxy selected for the control row; share-class label preserves preferred-stock authorization rather than calling the capital structure pure single-class.
governance-table.csv,Visa,V,current_sp500_top20_2026,dominance_year,governance,chunk_id,e0880c68098cbdae; b22ccc589d25d22a; 17f9adc4b06c6ad2; fbe033acaee92217; 5aa889b8efbaba6f,packs/0001403161/0001308179-25-000635,0001308179-25-000635,"Visa disclosed voting by Class A shareholders, annual director elections with a majority-vote standard, proxy access and 15% special-meeting rights, independent nominees except the CEO, fully independent committees, and KPMG as auditor.",medium,Governance uses the same latest available 2025 proxy selected for the control row; no 2026 proxy was filed by 2026-04-28. Share-class label is limited to Class A voting evidence in the reviewed proxy.
governance-table.csv,Micron Technology,MU,current_sp500_top20_2026,dominance_year,governance,chunk_id,190f8e2f5dc1cdd1; c48140a5af76ba9a; 80d681d7a9be779a; 108e8eebd8ff0e2c,packs/0000723125/0000723125-25-000038,0000723125-25-000038,"Micron disclosed issued and outstanding common stock entitled to vote, annual director elections, proxy access, shareholder written-consent and special-meeting rights, a 90% independent board with fully independent standing committees, and PwC as auditor.",high,Governance uses the same latest available 2025 proxy selected for the control row; no 2026 proxy was filed by 2026-04-28.
governance-table.csv,Advanced Micro Devices,AMD,current_sp500_top20_2026,dominance_year,governance,chunk_id,2096dd034bdf5f69; 5fe212bee21267aa; cf5124ee25d7c2ed; 6ba881f490fa92ce; 135821540157db18,packs/0000002488/0001193125-26-129057,0001193125-26-129057,"AMD disclosed one vote per common share, proxy access, annual election of directors through simple majority voting, an independent Audit and Finance Committee, special-meeting-right context, and EY as fiscal 2026 auditor.",medium,"Governance uses the same 2026 proxy selected for the control row; full-board independence summary was not found in reviewed chunks, so that field is not_disclosed."
governance-table.csv,Johnson & Johnson,JNJ,current_sp500_top20_2026,dominance_year,governance,chunk_id,5f200d44a384e3de; c8d34a88a2ff55e1; 48085861667f0f07; 167fa830e26f85a7; fed8d3b9a50ad447,packs/0000200406/0000200406-26-000063,0000200406-26-000063,"J&J disclosed common stock as its only outstanding share class, annual director elections with majority voting, proxy access, independent-director and independent-committee signals, no poison pill or supermajority requirements, and PwC as auditor.",high,Governance uses the same 2026 proxy selected for the control row.
governance-table.csv,Oracle,ORCL,current_sp500_top20_2026,dominance_year,governance,chunk_id,5308eea68babe308; 1fbee33a821be77a; e764c61b52a4e15d; ca247b5926bb4af4; f08f459ba187cedf,packs/0001341439/0001193125-25-220801,0001193125-25-220801,"Oracle disclosed single-class one-share one-vote stock, annual director elections, majority-independent board and fully independent committees, proxy access, no supermajority voting provisions, a majority-withheld resignation policy, and EY as 2026 auditor.",high,Governance uses the same latest available 2025 proxy selected for the control row; no 2026 proxy was filed by 2026-04-28.
governance-table.csv,Mastercard,MA,current_sp500_top20_2026,dominance_year,governance,chunk_id,0a9795b44621ecb9; ea83d3cf8350bedc; a3f1b8d9511c4534; c01661cdf4930ddc; 7a8512a118e49e6f,packs/0001141391/0001141391-26-000021,0001141391-26-000021,"Mastercard disclosed Class A voting stock with one vote per share and non-voting Class B stock, annual director elections with majority voting, proxy access and special-meeting rights, independent nominees except the CEO, independent committees, and PwC as 2026 auditor.",high,Governance uses the same 2026 proxy selected for the control row; label preserves the non-voting Class B stock rather than treating the company as single-class.
governance-table.csv,Costco Wholesale,COST,current_sp500_top20_2026,dominance_year,governance,chunk_id,54ecb4c8f1ac4f10; f05688b8167320ef; 9b46cfa095c7f506,packs/0000909832/0000909832-25-000159,0000909832-25-000159,"Costco disclosed common stock as all voting securities with one vote per share and no cumulative voting, annual director elections, proxy access and nomination procedures, independent-oversight and committee signals, and KPMG as fiscal 2026 auditor.",medium,Governance uses the same latest available 2025 proxy selected for the control row; no 2026 proxy was filed by 2026-04-28.
operating-profile-table.csv,Coca-Cola,KO,earlier_sp500_top20_1996,dominance_year,operating_profile,raw_sec_txt,raw:KO-1996:L7683-L7701,https://www.sec.gov/Archives/edgar/data/21344/000002134497000014/0000021344-97-000014.txt,0000021344-97-000014,"Selected annual evidence supports revenue 18546, cash 1,433, securities 225, debt 1,116, employees not_disclosed.",medium,"1996 Form 10-K405 raw FDS gives sales, cash, securities, debt, and cost of goods; local pack rendered as directory listing."
capital-allocation-table.csv,Coca-Cola,KO,earlier_sp500_top20_1996,dominance_year,capital_allocation,raw_sec_txt,raw:KO-1996:L7683-L7701,https://www.sec.gov/Archives/edgar/data/21344/000002134497000014/0000021344-97-000014.txt,0000021344-97-000014,"Selected annual evidence supports dividends not_disclosed, repurchases not_disclosed, cash 1,433, securities 225, debt 1,116.",medium,"1996 Form 10-K405 raw FDS gives sales, cash, securities, debt, and cost of goods; local pack rendered as directory listing."
operating-profile-table.csv,Exxon Mobil,XOM,earlier_sp500_top20_1996,dominance_year,operating_profile,raw_sec_txt,raw:XOM-1996:L4210-L4228; raw:XOM-1996:L1759-L1787,https://www.sec.gov/Archives/edgar/data/34088/000093066196000138/0000930661-96-000138.txt,0000930661-96-000138,"Selected annual evidence supports revenue 121804, cash 1,508, securities 281, debt 7,778, employees 82,000.",medium,"1995 Exxon annual is nearest available annual in the 1995-1997 window; FDS gives sales/cash/securities/debt, annual table gives employees."
capital-allocation-table.csv,Exxon Mobil,XOM,earlier_sp500_top20_1996,dominance_year,capital_allocation,raw_sec_txt,raw:XOM-1996:L4210-L4228; raw:XOM-1996:L1759-L1787,https://www.sec.gov/Archives/edgar/data/34088/000093066196000138/0000930661-96-000138.txt,0000930661-96-000138,"Selected annual evidence supports dividends 3,765, repurchases not_disclosed, cash 1,508, securities 281, debt 7,778.",medium,"1995 Exxon annual is nearest available annual in the 1995-1997 window; FDS gives sales/cash/securities/debt, annual table gives employees."
operating-profile-table.csv,Intel,INTC,earlier_sp500_top20_1996,dominance_year,operating_profile,raw_sec_txt,raw:INTC-1996:L4368-L4386; raw:INTC-1996:L520-L524,https://www.sec.gov/Archives/edgar/data/50863/000005086397000020/0000050863-97-000020.txt,0000050863-97-000020,"Selected annual evidence supports revenue 20847, cash 4,165, securities 3,829, debt 728, employees not_disclosed.",medium,"FDS gives sales/cash/securities/debt; R&D is directly disclosed; R&D intensity = 1,808 / 20,847."
capital-allocation-table.csv,Intel,INTC,earlier_sp500_top20_1996,dominance_year,capital_allocation,raw_sec_txt,raw:INTC-1996:L4368-L4386; raw:INTC-1996:L520-L524,https://www.sec.gov/Archives/edgar/data/50863/000005086397000020/0000050863-97-000020.txt,0000050863-97-000020,"Selected annual evidence supports dividends not_disclosed, repurchases not_disclosed, cash 4,165, securities 3,829, debt 728.",medium,"FDS gives sales/cash/securities/debt; R&D is directly disclosed; R&D intensity = 1,808 / 20,847."
operating-profile-table.csv,Microsoft,MSFT,earlier_sp500_top20_1996,dominance_year,operating_profile,raw_sec_txt,raw:MSFT-1996:L2982-L3000; raw:MSFT-1996:L678-L680; raw:MSFT-1996:L1036-L1044,https://www.sec.gov/Archives/edgar/data/789019/000089102096001130/0000891020-96-001130.txt,0000891020-96-001130,"Selected annual evidence supports revenue 8671, cash 6,940, securities 0, debt 0, employees 20,561.",medium,"FDS gives sales/cash/debt; R&D and employees are disclosed in business/MD&A; R&D intensity = 1,432 / 8,671."
capital-allocation-table.csv,Microsoft,MSFT,earlier_sp500_top20_1996,dominance_year,capital_allocation,raw_sec_txt,raw:MSFT-1996:L2982-L3000; raw:MSFT-1996:L678-L680; raw:MSFT-1996:L1036-L1044,https://www.sec.gov/Archives/edgar/data/789019/000089102096001130/0000891020-96-001130.txt,0000891020-96-001130,"Selected annual evidence supports dividends not_meaningful, repurchases 348, cash 6,940, securities 0, debt 0.",medium,"FDS gives sales/cash/debt; R&D and employees are disclosed in business/MD&A; R&D intensity = 1,432 / 8,671."
operating-profile-table.csv,General Electric,GE,earlier_sp500_top20_1996,dominance_year,operating_profile,raw_sec_txt,raw:GE-1996:L6347-L6365; raw:GE-1996:L873-L885; raw:GE-1996:L3160-L3160,https://www.sec.gov/Archives/edgar/data/40545/000004054597000005/0000040545-97-000005.txt,0000040545-97-000005,"Selected annual evidence supports revenue 79179, cash 4,191, securities 59,889, debt 49,246, employees 239,000.",medium,"FDS separates GE sales of goods/services; selected annual discloses consolidated revenues of 79,179 in selected financial data; R&D intensity = 1,886 / 79,179."
capital-allocation-table.csv,General Electric,GE,earlier_sp500_top20_1996,dominance_year,capital_allocation,raw_sec_txt,raw:GE-1996:L6347-L6365; raw:GE-1996:L873-L885; raw:GE-1996:L3160-L3160,https://www.sec.gov/Archives/edgar/data/40545/000004054597000005/0000040545-97-000005.txt,0000040545-97-000005,"Selected annual evidence supports dividends not_disclosed, repurchases not_disclosed, cash 4,191, securities 59,889, debt 49,246.",medium,"FDS separates GE sales of goods/services; selected annual discloses consolidated revenues of 79,179 in selected financial data; R&D intensity = 1,886 / 79,179."
operating-profile-table.csv,Merck,MRK,earlier_sp500_top20_1996,dominance_year,operating_profile,raw_sec_txt,raw:MRK-1996:L139-L141; raw:MRK-1996:L721-L723; raw:MRK-1996:L2848-L2855; raw:MRK-1996:L4156-L4200,https://www.sec.gov/Archives/edgar/data/64978/000095013097001093/0000950130-97-001093.txt,0000950130-97-001093,"Corrected historical Merck annual evidence supports sales 19828.7, net income 3881.3, R&D 1487.3, capex 1196.7, employees 49,100, and outside-U.S. subsidiary sales of 30%.",high,Corrected to historical Merck CIK 0000064978; old annual pack rendering is unreliable so raw SEC anchors are used.
capital-allocation-table.csv,Merck,MRK,earlier_sp500_top20_1996,dominance_year,capital_allocation,raw_sec_txt,raw:MRK-1996:L2901-L2908; raw:MRK-1996:L2940-L2948; raw:MRK-1996:L3024-L3030,https://www.sec.gov/Archives/edgar/data/64978/000095013097001093/0000950130-97-001093.txt,0000950130-97-001093,"Corrected historical Merck annual evidence supports dividends paid 1728.9, treasury-stock purchases 2493.3, cash 1352.4, short-term investments 829.2, and debt 1762.0.",high,Corrected to historical Merck CIK 0000064978; old annual pack rendering is unreliable so raw SEC anchors are used.
operating-profile-table.csv,IBM,IBM,earlier_sp500_top20_1996,dominance_year,operating_profile,raw_sec_txt,raw:IBM-1996:L5525-L5543; raw:IBM-1996:L2943-L2954,https://www.sec.gov/Archives/edgar/data/51143/000091205797010483/0000912057-97-010483.txt,0000912057-97-010483,"Selected annual evidence supports revenue 36316, cash 7,687, securities 450, debt 0, employees not_disclosed.",medium,FDS gives sales/cash/securities/debt; employee line reviewed but exact total not extracted in this pass.
capital-allocation-table.csv,IBM,IBM,earlier_sp500_top20_1996,dominance_year,capital_allocation,raw_sec_txt,raw:IBM-1996:L5525-L5543; raw:IBM-1996:L2943-L2954,https://www.sec.gov/Archives/edgar/data/51143/000091205797010483/0000912057-97-010483.txt,0000912057-97-010483,"Selected annual evidence supports dividends not_disclosed, repurchases not_disclosed, cash 7,687, securities 450, debt 0.",medium,FDS gives sales/cash/securities/debt; employee line reviewed but exact total not extracted in this pass.
operating-profile-table.csv,Procter & Gamble,PG,earlier_sp500_top20_1996,dominance_year,operating_profile,raw_sec_txt,raw:PG-1996:L5301-L5319; raw:PG-1996:L234-L234,https://www.sec.gov/Archives/edgar/data/80424/000008042496000017/0000080424-96-000017.txt,0000080424-96-000017,"Selected annual evidence supports revenue 35284, cash 2,074, securities 446, debt 4,670, employees 103,000.",medium,FDS gives sales/cash/securities/debt; Item 1 gives employee count.
capital-allocation-table.csv,Procter & Gamble,PG,earlier_sp500_top20_1996,dominance_year,capital_allocation,raw_sec_txt,raw:PG-1996:L5301-L5319; raw:PG-1996:L234-L234,https://www.sec.gov/Archives/edgar/data/80424/000008042496000017/0000080424-96-000017.txt,0000080424-96-000017,"Selected annual evidence supports dividends not_disclosed, repurchases not_disclosed, cash 2,074, securities 446, debt 4,670.",medium,FDS gives sales/cash/securities/debt; Item 1 gives employee count.
operating-profile-table.csv,Johnson & Johnson,JNJ,earlier_sp500_top20_1996,dominance_year,operating_profile,raw_sec_txt,raw:JNJ-1996:L5770-L5788,https://www.sec.gov/Archives/edgar/data/200406/000095012397002843/0000950123-97-002843.txt,0000950123-97-002843,"Selected annual evidence supports revenue 21620, cash 2,011, securities 125, debt 1,917, employees not_disclosed.",medium,FDS gives sales/cash/securities/debt; other fields left conservative.
capital-allocation-table.csv,Johnson & Johnson,JNJ,earlier_sp500_top20_1996,dominance_year,capital_allocation,raw_sec_txt,raw:JNJ-1996:L5770-L5788,https://www.sec.gov/Archives/edgar/data/200406/000095012397002843/0000950123-97-002843.txt,0000950123-97-002843,"Selected annual evidence supports dividends not_disclosed, repurchases not_disclosed, cash 2,011, securities 125, debt 1,917.",medium,FDS gives sales/cash/securities/debt; other fields left conservative.
operating-profile-table.csv,Walmart,WMT,earlier_sp500_top20_1996,dominance_year,operating_profile,raw_sec_txt,raw:WMT-1996:L2468-L2486; raw:WMT-1996:L1701-L1724,https://www.sec.gov/Archives/edgar/data/104169/000010416997000003/0000104169-97-000003.txt,0000104169-97-000003,"Selected annual evidence supports revenue 104859, cash 883, securities 0, debt 0, employees not_disclosed.",medium,"FDS gives sales/cash/debt; capex line says more than $2.6B, so intensity uses 2,600 / 104,859 and is approximate."
capital-allocation-table.csv,Walmart,WMT,earlier_sp500_top20_1996,dominance_year,capital_allocation,raw_sec_txt,raw:WMT-1996:L2468-L2486; raw:WMT-1996:L1701-L1724,https://www.sec.gov/Archives/edgar/data/104169/000010416997000003/0000104169-97-000003.txt,0000104169-97-000003,"Selected annual evidence supports dividends not_disclosed, repurchases not_disclosed, cash 883, securities 0, debt 0.",medium,"FDS gives sales/cash/debt; capex line says more than $2.6B, so intensity uses 2,600 / 104,859 and is approximate."
operating-profile-table.csv,Bristol-Myers Squibb,BMY,earlier_sp500_top20_1996,dominance_year,operating_profile,raw_sec_txt,raw:BMY-1996:L8543-L8561; raw:BMY-1996:L1312-L1317,https://www.sec.gov/Archives/edgar/data/14272/000001427297000008/0000014272-97-000008.txt,0000014272-97-000008,"Selected annual evidence supports revenue 15065, cash 1,681, securities 504, debt 966, employees not_disclosed.",medium,"FDS gives sales/cash/securities/debt; R&D intensity = 1,276 / 15,065."
capital-allocation-table.csv,Bristol-Myers Squibb,BMY,earlier_sp500_top20_1996,dominance_year,capital_allocation,raw_sec_txt,raw:BMY-1996:L8543-L8561; raw:BMY-1996:L1312-L1317,https://www.sec.gov/Archives/edgar/data/14272/000001427297000008/0000014272-97-000008.txt,0000014272-97-000008,"Selected annual evidence supports dividends 1,507, repurchases not_disclosed, cash 1,681, securities 504, debt 966.",medium,"FDS gives sales/cash/securities/debt; R&D intensity = 1,276 / 15,065."
operating-profile-table.csv,Pfizer,PFE,earlier_sp500_top20_1996,dominance_year,operating_profile,raw_sec_txt,raw:PFE-1996:L14829-L14847; raw:PFE-1996:L337-L340; raw:PFE-1996:L907-L911,https://www.sec.gov/Archives/edgar/data/78003/000095011697000605/0000950116-97-000605.txt,0000950116-97-000605,"Selected annual evidence supports revenue 11306, cash 1,150, securities 487, debt 687, employees 46,000.",medium,FDS gives sales/cash/securities/debt; annual text notes multibillion R&D but exact 1996 amount was not extracted.
capital-allocation-table.csv,Pfizer,PFE,earlier_sp500_top20_1996,dominance_year,capital_allocation,raw_sec_txt,raw:PFE-1996:L14829-L14847; raw:PFE-1996:L337-L340; raw:PFE-1996:L907-L911,https://www.sec.gov/Archives/edgar/data/78003/000095011697000605/0000950116-97-000605.txt,0000950116-97-000605,"Selected annual evidence supports dividends not_disclosed, repurchases not_disclosed, cash 1,150, securities 487, debt 687.",medium,FDS gives sales/cash/securities/debt; annual text notes multibillion R&D but exact 1996 amount was not extracted.
operating-profile-table.csv,Walt Disney,DIS,earlier_sp500_top20_1996,dominance_year,operating_profile,raw_sec_txt,raw:DIS-1996:L10471-L10489; raw:DIS-1996:L1356-L1359,https://www.sec.gov/Archives/edgar/data/1001039/000089843096005815/0000898430-96-005815.txt,0000898430-96-005815,"Selected annual evidence supports revenue 18739, cash 278, securities 454, debt 12,342, employees not_disclosed.",medium,Old Disney CIK annual selected per predecessor note; FDS gives sales/cash/securities/debt; repurchase text reviewed.
capital-allocation-table.csv,Walt Disney,DIS,earlier_sp500_top20_1996,dominance_year,capital_allocation,raw_sec_txt,raw:DIS-1996:L10471-L10489; raw:DIS-1996:L1356-L1359,https://www.sec.gov/Archives/edgar/data/1001039/000089843096005815/0000898430-96-005815.txt,0000898430-96-005815,"Selected annual evidence supports dividends not_disclosed, repurchases 462, cash 278, securities 454, debt 12,342.",medium,Old Disney CIK annual selected per predecessor note; FDS gives sales/cash/securities/debt; repurchase text reviewed.
operating-profile-table.csv,PepsiCo,PEP,earlier_sp500_top20_1996,dominance_year,operating_profile,raw_sec_txt,raw:PEP-1996:L10591-L10609; raw:PEP-1996:L326-L328; raw:PEP-1996:L2443-L2444,https://www.sec.gov/Archives/edgar/data/77476/000007747697000007/0000077476-97-000007.txt,0000077476-97-000007,"Selected annual evidence supports revenue 31645, cash 447, securities 339, debt 8,439, employees 471,000.",medium,FDS gives sales/cash/securities/debt; annual text gives employees and cash returns.
capital-allocation-table.csv,PepsiCo,PEP,earlier_sp500_top20_1996,dominance_year,capital_allocation,raw_sec_txt,raw:PEP-1996:L10591-L10609; raw:PEP-1996:L326-L328; raw:PEP-1996:L2443-L2444,https://www.sec.gov/Archives/edgar/data/77476/000007747697000007/0000077476-97-000007.txt,0000077476-97-000007,"Selected annual evidence supports dividends 675, repurchases 1,651, cash 447, securities 339, debt 8,439.",medium,FDS gives sales/cash/securities/debt; annual text gives employees and cash returns.
operating-profile-table.csv,Chevron,CVX,earlier_sp500_top20_1996,dominance_year,operating_profile,raw_sec_txt,raw:CVX-1996:L8392-L8410; raw:CVX-1996:L3917-L3931; raw:CVX-1996:L240-L240,https://www.sec.gov/Archives/edgar/data/93410/000009341096000003/0000093410-96-000003.txt,0000093410-96-000003,"Selected annual evidence supports revenue 36310, cash 621, securities 773, debt 4,521, employees 40,000.",medium,FDS gives sales/cash/securities/debt; R&D and capex lines support intensity formulas.
capital-allocation-table.csv,Chevron,CVX,earlier_sp500_top20_1996,dominance_year,capital_allocation,raw_sec_txt,raw:CVX-1996:L8392-L8410; raw:CVX-1996:L3917-L3931; raw:CVX-1996:L240-L240,https://www.sec.gov/Archives/edgar/data/93410/000009341096000003/0000093410-96-000003.txt,0000093410-96-000003,"Selected annual evidence supports dividends 1,255, repurchases not_disclosed, cash 621, securities 773, debt 4,521.",medium,FDS gives sales/cash/securities/debt; R&D and capex lines support intensity formulas.
operating-profile-table.csv,AIG,AIG,earlier_sp500_top20_1996,dominance_year,operating_profile,raw_sec_txt,raw:AIG-1996:L9306-L9306; raw:AIG-1996:L2556-L2557; raw:AIG-1996:L4149-L4149,https://www.sec.gov/Archives/edgar/data/5272/000095012397002720/0000950123-97-002720.txt,0000950123-97-002720,"Selected annual evidence supports revenue not_disclosed, cash 58,740, securities not_meaningful, debt not_disclosed, employees not_disclosed.",low,Insurance company FDS extraction did not expose comparable revenue/debt tags; cash and capital-return lines cited.
capital-allocation-table.csv,AIG,AIG,earlier_sp500_top20_1996,dominance_year,capital_allocation,raw_sec_txt,raw:AIG-1996:L9306-L9306; raw:AIG-1996:L2556-L2557; raw:AIG-1996:L4149-L4149,https://www.sec.gov/Archives/edgar/data/5272/000095012397002720/0000950123-97-002720.txt,0000950123-97-002720,"Selected annual evidence supports dividends 174.115, repurchases 492.5, cash 58,740, securities not_meaningful, debt not_disclosed.",low,Insurance company FDS extraction did not expose comparable revenue/debt tags; cash and capital-return lines cited.
operating-profile-table.csv,Cisco Systems,CSCO,earlier_sp500_top20_1996,dominance_year,operating_profile,raw_sec_txt,raw:CSCO-1996:L3963-L3981; raw:CSCO-1996:L604-L607; raw:CSCO-1996:L864-L870,https://www.sec.gov/Archives/edgar/data/858877/000095014996001640/0000950149-96-001640.txt,0000950149-96-001640,"Selected annual evidence supports revenue 4096.007, cash 279.695, securities 1,819.247, debt 0, employees not_disclosed.",medium,"FDS uses thousands; capex and R&D discussion cited, exact R&D amount left conservative."
capital-allocation-table.csv,Cisco Systems,CSCO,earlier_sp500_top20_1996,dominance_year,capital_allocation,raw_sec_txt,raw:CSCO-1996:L3963-L3981; raw:CSCO-1996:L604-L607; raw:CSCO-1996:L864-L870,https://www.sec.gov/Archives/edgar/data/858877/000095014996001640/0000950149-96-001640.txt,0000950149-96-001640,"Selected annual evidence supports dividends not_meaningful, repurchases 115.621, cash 279.695, securities 1,819.247, debt 0.",medium,"FDS uses thousands; capex and R&D discussion cited, exact R&D amount left conservative."
operating-profile-table.csv,Eli Lilly,LLY,earlier_sp500_top20_1996,dominance_year,operating_profile,raw_sec_txt,raw:LLY-1996:L5042-L5060; raw:LLY-1996:L607-L609; raw:LLY-1996:L2791-L2794,https://www.sec.gov/Archives/edgar/data/59478/000005947896000001/0000059478-96-000001.txt,0000059478-96-000001,"Selected annual evidence supports revenue 6504.386, cash 999.549, securities 84.644, debt 2,592.894, employees 26,800.",medium,FDS uses thousands; capex line supports intensity formula.
capital-allocation-table.csv,Eli Lilly,LLY,earlier_sp500_top20_1996,dominance_year,capital_allocation,raw_sec_txt,raw:LLY-1996:L5042-L5060; raw:LLY-1996:L607-L609; raw:LLY-1996:L2791-L2794,https://www.sec.gov/Archives/edgar/data/59478/000005947896000001/0000059478-96-000001.txt,0000059478-96-000001,"Selected annual evidence supports dividends not_disclosed, repurchases not_disclosed, cash 999.549, securities 84.644, debt 2,592.894.",medium,FDS uses thousands; capex line supports intensity formula.
operating-profile-table.csv,Fannie Mae,FNMA,earlier_sp500_top20_1996,dominance_year,operating_profile,availability_exception,availability_exception:FNMA-1996:no-sec-annual-filing,reports/dominant-company-architecture/search-notes/fnma-1996-sec-availability.md,no-1995-1997-sec-annual,"Selected annual evidence supports revenue not_disclosed, cash not_disclosed, securities not_meaningful, debt not_disclosed, employees not_disclosed.",medium,No 1995-1997 SEC annual filing found; row is an availability exception.
capital-allocation-table.csv,Fannie Mae,FNMA,earlier_sp500_top20_1996,dominance_year,capital_allocation,availability_exception,availability_exception:FNMA-1996:no-sec-annual-filing,reports/dominant-company-architecture/search-notes/fnma-1996-sec-availability.md,no-1995-1997-sec-annual,"Selected annual evidence supports dividends not_disclosed, repurchases not_disclosed, cash not_disclosed, securities not_meaningful, debt not_disclosed.",medium,No 1995-1997 SEC annual filing found; row is an availability exception.
operating-profile-table.csv,JPMorgan Chase,JPM,earlier_sp500_top20_1996,dominance_year,operating_profile,raw_sec_txt,raw:JPM-1996:L11303-L11303,https://www.sec.gov/Archives/edgar/data/19617/000095012397002412/0000950123-97-002412.txt,0000950123-97-002412,"Selected annual evidence supports revenue not_disclosed, cash 14,605, securities not_meaningful, debt not_disclosed, employees not_disclosed.",low,Bank annual FDS extraction did not expose comparable revenue/debt tags; row kept conservative.
capital-allocation-table.csv,JPMorgan Chase,JPM,earlier_sp500_top20_1996,dominance_year,capital_allocation,raw_sec_txt,raw:JPM-1996:L11303-L11303,https://www.sec.gov/Archives/edgar/data/19617/000095012397002412/0000950123-97-002412.txt,0000950123-97-002412,"Selected annual evidence supports dividends not_disclosed, repurchases not_disclosed, cash 14,605, securities not_meaningful, debt not_disclosed.",low,Bank annual FDS extraction did not expose comparable revenue/debt tags; row kept conservative.
operating-profile-table.csv,NVIDIA,NVDA,current_sp500_top20_2026,dominance_year,operating_profile,chunk_id,76db4f64fb7c0f8c; 8e43a2ddda32c7ed; 924de81c8bd11bdd; faca9441d16bf926; 317640d522f84336; 6d818794f80ce674; 5528577b40a2bd2a,packs/0001045810/0001045810-26-000021,0001045810-26-000021,"Selected annual filing evidence supports revenue 215938, operating income 130387, net income 120067, R&D 18497, capex 6042, employees 42,000.",medium,"Standard numeric fields normalized from the selected annual XBRL sidecar; cited chunks include the source financial statement or MD&A tables. Margins/intensities derive from same-period values where available. Operating income, gross margin, R&D, or capex remains not_meaningful/not_disclosed only where no comparable standard fact was extracted."
capital-allocation-table.csv,NVIDIA,NVDA,current_sp500_top20_2026,dominance_year,capital_allocation,chunk_id,76db4f64fb7c0f8c; 8e43a2ddda32c7ed; 924de81c8bd11bdd; faca9441d16bf926; 39b1f9aa9c8117b1; bf185bec4d719178; a5526e193eec418a; 8b8fce035b2486ff,packs/0001045810/0001045810-26-000021,0001045810-26-000021,"Selected annual filing evidence supports dividends 974, repurchases 40086, cash 10605, securities 39520, debt 8468.",medium,"Standard capital-allocation fields normalized from the selected annual XBRL sidecar; cited chunks include source balance sheet, cash-flow, or MD&A tables. Fields remain not_disclosed only when no unambiguous standard fact was extracted."
operating-profile-table.csv,Alphabet,GOOGL,current_sp500_top20_2026,dominance_year,operating_profile,chunk_id,2944603f9d6253ce; 299663073aeeae1c; 754218e0c456f4e1; 66e919ea6a89c5c9; 38630a332cfb2bcd; 7c2c95e2c66d9aac; ffaa7169415628b4; 230b816365022b67,packs/0001652044/0001652044-26-000018,0001652044-26-000018,"Selected annual filing evidence supports revenue 402836, operating income 129039, net income 132170, R&D 61087, capex 91447, employees 190,820.",medium,"Standard numeric fields normalized from the selected annual XBRL sidecar; cited chunks include the source financial statement or MD&A tables. Margins/intensities derive from same-period values where available. Operating income, gross margin, R&D, or capex remains not_meaningful/not_disclosed only where no comparable standard fact was extracted."
capital-allocation-table.csv,Alphabet,GOOGL,current_sp500_top20_2026,dominance_year,capital_allocation,chunk_id,2944603f9d6253ce; 299663073aeeae1c; 754218e0c456f4e1; 473595af56bb1539; e49cc0f92b0ae047; 4b5b38649ce5a51b; 28ecb9150d2ddc43,packs/0001652044/0001652044-26-000018,0001652044-26-000018,"Selected annual filing evidence supports dividends 10049, repurchases 45709, cash 30708, securities 96135, debt 48543.",medium,"Standard capital-allocation fields normalized from the selected annual XBRL sidecar; cited chunks include source balance sheet, cash-flow, or MD&A tables. Fields remain not_disclosed only when no unambiguous standard fact was extracted."
operating-profile-table.csv,Apple,AAPL,current_sp500_top20_2026,dominance_year,operating_profile,chunk_id,fa7828d9fce42172; ec069b7dcbf393a0; aabda7a3b9a62566; 0b7b125fee38ef7d; be2a735a6acbdc71,packs/0000320193/0000320193-25-000079,0000320193-25-000079,"Selected annual filing evidence supports revenue 416161, operating income 133050, net income 112010, R&D 34550, capex 12715, employees not_disclosed.",medium,"Standard numeric fields normalized from the selected annual XBRL sidecar; cited chunks include the source financial statement or MD&A tables. Margins/intensities derive from same-period values where available. Operating income, gross margin, R&D, or capex remains not_meaningful/not_disclosed only where no comparable standard fact was extracted."
capital-allocation-table.csv,Apple,AAPL,current_sp500_top20_2026,dominance_year,capital_allocation,chunk_id,fa7828d9fce42172; ec069b7dcbf393a0; aabda7a3b9a62566; d3ff229b5d585614; a97865e42febd616; 2b17a1ff06db7259,packs/0000320193/0000320193-25-000079,0000320193-25-000079,"Selected annual filing evidence supports dividends 15421, repurchases 90711, cash 35934, securities 96486, debt 90678.",medium,"Standard capital-allocation fields normalized from the selected annual XBRL sidecar; cited chunks include source balance sheet, cash-flow, or MD&A tables. Fields remain not_disclosed only when no unambiguous standard fact was extracted."
operating-profile-table.csv,Microsoft,MSFT,current_sp500_top20_2026,dominance_year,operating_profile,chunk_id,8f5a9a653fd87359; effcee5a391032d3; d5335e6b9eb843f8; 63ab2ab6f45f7d24; 8b8e8c43682746e4; 12d2b6ebe61c3703,packs/0000789019/0000950170-25-100235,0000950170-25-100235,"Selected annual filing evidence supports revenue 281724, operating income 128528, net income 101832, R&D 32488, capex 64551, employees 228,000.",medium,"Standard numeric fields normalized from the selected annual XBRL sidecar; cited chunks include the source financial statement or MD&A tables. Margins/intensities derive from same-period values where available. Operating income, gross margin, R&D, or capex remains not_meaningful/not_disclosed only where no comparable standard fact was extracted."
capital-allocation-table.csv,Microsoft,MSFT,current_sp500_top20_2026,dominance_year,capital_allocation,chunk_id,8f5a9a653fd87359; effcee5a391032d3; d5335e6b9eb843f8; c971209182c2ecee; a5a8c70fd6b1b549; 54abdab03827b1a6,packs/0000789019/0000950170-25-100235,0000950170-25-100235,"Selected annual filing evidence supports dividends 24082, repurchases 18420, cash 30242, securities 64323, debt 43151.",medium,"Standard capital-allocation fields normalized from the selected annual XBRL sidecar; cited chunks include source balance sheet, cash-flow, or MD&A tables. Fields remain not_disclosed only when no unambiguous standard fact was extracted."
operating-profile-table.csv,Amazon,AMZN,current_sp500_top20_2026,dominance_year,operating_profile,chunk_id,3912c859e32d4efc; ed3bd5a069aef122; a7ca4c3305e5c3c5; 9181e4fd1d644adc; 58be82cb75582d90; 82ea41785db77f3d; ed6c560457d7bf0e,packs/0001018724/0001018724-26-000004,0001018724-26-000004,"Selected annual filing evidence supports revenue 716924, operating income 79975, net income 77670, R&D not_disclosed, capex 131819, employees 1,576,000.",medium,"Standard numeric fields normalized from the selected annual XBRL sidecar; cited chunks include the source financial statement or MD&A tables. Margins/intensities derive from same-period values where available. Operating income, gross margin, R&D, or capex remains not_meaningful/not_disclosed only where no comparable standard fact was extracted."
capital-allocation-table.csv,Amazon,AMZN,current_sp500_top20_2026,dominance_year,capital_allocation,chunk_id,3912c859e32d4efc; ed3bd5a069aef122; a7ca4c3305e5c3c5; 2fbda36a60bf792b; f355ec6f4bf39ada; ed6c560457d7bf0e; ed5d3fdf9f0f11ad,packs/0001018724/0001018724-26-000004,0001018724-26-000004,"Selected annual filing evidence supports dividends not_meaningful, repurchases 0, cash 86810, securities 36219, debt 68851.",medium,"Standard capital-allocation fields normalized from the selected annual XBRL sidecar; cited chunks include source balance sheet, cash-flow, or MD&A tables. Fields remain not_disclosed only when no unambiguous standard fact was extracted."
operating-profile-table.csv,Broadcom,AVGO,current_sp500_top20_2026,dominance_year,operating_profile,chunk_id,4f47760ca73e32bb; 4645d17e6a4723d9; d23b6bd8ee80da71; 316ae7852c169ec2; f66ea888c413bbae; ef0cf4f47de422d5; 5c5ad1014756413d,packs/0001730168/0001730168-25-000121,0001730168-25-000121,"Selected annual filing evidence supports revenue 63887, operating income 25484, net income 23126, R&D 10977, capex 623, employees not_disclosed.",medium,"Standard numeric fields normalized from the selected annual XBRL sidecar; cited chunks include the source financial statement or MD&A tables. Margins/intensities derive from same-period values where available. Operating income, gross margin, R&D, or capex remains not_meaningful/not_disclosed only where no comparable standard fact was extracted."
capital-allocation-table.csv,Broadcom,AVGO,current_sp500_top20_2026,dominance_year,capital_allocation,chunk_id,4f47760ca73e32bb; 4645d17e6a4723d9; d23b6bd8ee80da71; f2d3578a8f7b545c; 437e48a795364216; ef0cf4f47de422d5; 5e54ca8a1c9230ab,packs/0001730168/0001730168-25-000121,0001730168-25-000121,"Selected annual filing evidence supports dividends 11142, repurchases 2450, cash 16178, securities not_disclosed, debt 67120.",medium,"Standard capital-allocation fields normalized from the selected annual XBRL sidecar; cited chunks include source balance sheet, cash-flow, or MD&A tables. Fields remain not_disclosed only when no unambiguous standard fact was extracted."
operating-profile-table.csv,Meta Platforms,META,current_sp500_top20_2026,dominance_year,operating_profile,chunk_id,73f51c843cd4097e; 1b4862134809d2ae; 88f5824f9e70b2ca; 1a3f6b42414fe151; 632d63d89afa425b; 43c8f1756f863d69; 3f85be798c2d364d,packs/0001326801/0001628280-26-003942,0001628280-26-003942,"Selected annual filing evidence supports revenue 200966, operating income 83276, net income 60458, R&D 57372, capex 69691, employees 78,865.",medium,"Standard numeric fields normalized from the selected annual XBRL sidecar; cited chunks include the source financial statement or MD&A tables. Margins/intensities derive from same-period values where available. Operating income, gross margin, R&D, or capex remains not_meaningful/not_disclosed only where no comparable standard fact was extracted."
capital-allocation-table.csv,Meta Platforms,META,current_sp500_top20_2026,dominance_year,capital_allocation,chunk_id,73f51c843cd4097e; 1b4862134809d2ae; 88f5824f9e70b2ca; 1a3f6b42414fe151; 0794a59022e28193; b16af89d9dc2056d; a7e9d121c33196b9,packs/0001326801/0001628280-26-003942,0001628280-26-003942,"Selected annual filing evidence supports dividends 5324, repurchases 26248, cash 35873, securities 45719, debt 58744.",medium,"Standard capital-allocation fields normalized from the selected annual XBRL sidecar; cited chunks include source balance sheet, cash-flow, or MD&A tables. Fields remain not_disclosed only when no unambiguous standard fact was extracted."
operating-profile-table.csv,Tesla,TSLA,current_sp500_top20_2026,dominance_year,operating_profile,chunk_id,2bdeaf78d75e4dd5; efdbe9003d9ead54; 58a74a803da5cc84; fe7e8a28c2dc108a; d878b7d206cd0edc; d218b9d3eccca91a; cfa0f2315d3973e2,packs/0001318605/0001628280-26-003952,0001628280-26-003952,"Selected annual filing evidence supports revenue 94827, operating income 4355, net income 3794, R&D 6411, capex 8527, employees not_disclosed.",medium,"Standard numeric fields normalized from the selected annual XBRL sidecar; cited chunks include the source financial statement or MD&A tables. Margins/intensities derive from same-period values where available. Operating income, gross margin, R&D, or capex remains not_meaningful/not_disclosed only where no comparable standard fact was extracted."
capital-allocation-table.csv,Tesla,TSLA,current_sp500_top20_2026,dominance_year,capital_allocation,chunk_id,2bdeaf78d75e4dd5; efdbe9003d9ead54; 58a74a803da5cc84; e103ba154ea0ec46; 89edbe814c8e75bb; b74df017db8fe4df; 15bb2afdebb9a883,packs/0001318605/0001628280-26-003952,0001628280-26-003952,"Selected annual filing evidence supports dividends not_meaningful, repurchases not_disclosed, cash 16513, securities 27546, debt not_disclosed.",medium,"Standard capital-allocation fields normalized from the selected annual XBRL sidecar; cited chunks include source balance sheet, cash-flow, or MD&A tables. Fields remain not_disclosed only when no unambiguous standard fact was extracted."
operating-profile-table.csv,Berkshire Hathaway,BRK.B,current_sp500_top20_2026,dominance_year,operating_profile,chunk_id,2958c0e07eacaaa1; d3e52f4b477cbd15; d226e48e5c6461f4; c795cb1f17118dd2; b0d0cda15f40f436; ab3a5694d4f7abe8,packs/0001067983/0001193125-26-083899,0001193125-26-083899,"Selected annual filing evidence supports revenue 371444, operating income not_meaningful, net income 66968, R&D not_meaningful, capex 20927, employees not_disclosed.",low,"Standard numeric fields normalized from the selected annual XBRL sidecar; cited chunks include the source financial statement or MD&A tables. Margins/intensities derive from same-period values where available. Operating income, gross margin, R&D, or capex remains not_meaningful/not_disclosed only where no comparable standard fact was extracted."
capital-allocation-table.csv,Berkshire Hathaway,BRK.B,current_sp500_top20_2026,dominance_year,capital_allocation,chunk_id,2958c0e07eacaaa1; 8b481b70a1e2f5e7; ff841ce180860516; f9cf09ce941cf714; b0d0cda15f40f436; 2c76396045287c9b; 2c43ba957696b78b,packs/0001067983/0001193125-26-083899,0001193125-26-083899,"Selected annual filing evidence supports dividends not_meaningful, repurchases not_disclosed, cash 52569, securities 17816, debt not_disclosed.",low,"Standard capital-allocation fields normalized from the selected annual XBRL sidecar; cited chunks include source balance sheet, cash-flow, or MD&A tables. Fields remain not_disclosed only when no unambiguous standard fact was extracted."
operating-profile-table.csv,Walmart,WMT,current_sp500_top20_2026,dominance_year,operating_profile,chunk_id,8643ff20c037d17e; 74d3d427af9a5321; d5dac99b25c812b4; 9e0e94351b929ffb; fac6095fe42200dc; f50e97c42ff582ad; c29d608ae93a7e65,packs/0000104169/0000104169-26-000055,0000104169-26-000055,"Selected annual filing evidence supports revenue 713163, operating income 29825, net income 21893, R&D not_meaningful, capex 26642, employees not_disclosed.",medium,"Standard numeric fields normalized from the selected annual XBRL sidecar; cited chunks include the source financial statement or MD&A tables. Margins/intensities derive from same-period values where available. Operating income, gross margin, R&D, or capex remains not_meaningful/not_disclosed only where no comparable standard fact was extracted."
capital-allocation-table.csv,Walmart,WMT,current_sp500_top20_2026,dominance_year,capital_allocation,chunk_id,8643ff20c037d17e; 74d3d427af9a5321; d5dac99b25c812b4; 66fbfbd58b56f0b7; f50e97c42ff582ad; c89277bb772d917e; b6581f912d2bc286,packs/0000104169/0000104169-26-000055,0000104169-26-000055,"Selected annual filing evidence supports dividends 7507, repurchases 8088, cash 10727, securities not_disclosed, debt 44762.",medium,"Standard capital-allocation fields normalized from the selected annual XBRL sidecar; cited chunks include source balance sheet, cash-flow, or MD&A tables. Fields remain not_disclosed only when no unambiguous standard fact was extracted."
operating-profile-table.csv,JPMorgan Chase,JPM,current_sp500_top20_2026,dominance_year,operating_profile,chunk_id,d0e7aadfe0820527; c9f7823e98a90319; e5bd3bd1329391bc; db35c25aba99aed0; d931262f93831f99; a3decff3a0e517a7; f5f33aeac5934736,packs/0000019617/0001628280-26-008131,0001628280-26-008131,"Selected annual filing evidence supports revenue 182447, operating income not_meaningful, net income 57048, R&D not_meaningful, capex not_meaningful, employees not_disclosed.",low,"Standard numeric fields normalized from the selected annual XBRL sidecar; cited chunks include the source financial statement or MD&A tables. Margins/intensities derive from same-period values where available. Operating income, gross margin, R&D, or capex remains not_meaningful/not_disclosed only where no comparable standard fact was extracted."
capital-allocation-table.csv,JPMorgan Chase,JPM,current_sp500_top20_2026,dominance_year,capital_allocation,chunk_id,d0e7aadfe0820527; c9f7823e98a90319; b459d587630fcda2; a0ee3c4810d5fa6b; e39afd2d839e907b; e076b80ece4bb745; d0f3f7fedc7a80c0; ce98e675e286107a,packs/0000019617/0001628280-26-008131,0001628280-26-008131,"Selected annual filing evidence supports dividends 16625, repurchases 31591, cash 343338, securities 507198, debt 435206.",low,"Standard capital-allocation fields normalized from the selected annual XBRL sidecar; cited chunks include source balance sheet, cash-flow, or MD&A tables. Fields remain not_disclosed only when no unambiguous standard fact was extracted."
operating-profile-table.csv,Eli Lilly,LLY,current_sp500_top20_2026,dominance_year,operating_profile,chunk_id,cc99294f464388fa; 9f933cf8a3152410; 03d7de98f092489a; d4890c51547508a8; b5764e2c79f9a1b3; 973c82e9daced9db; fd487982c7c35928; bfaf0f98dd738c60,packs/0000059478/0000059478-26-000013,0000059478-26-000013,"Selected annual filing evidence supports revenue 65179, operating income not_disclosed, net income 20640, R&D 13337, capex 7841, employees not_disclosed.",medium,"Standard numeric fields normalized from the selected annual XBRL sidecar; cited chunks include the source financial statement or MD&A tables. Margins/intensities derive from same-period values where available. Operating income, gross margin, R&D, or capex remains not_meaningful/not_disclosed only where no comparable standard fact was extracted."
capital-allocation-table.csv,Eli Lilly,LLY,current_sp500_top20_2026,dominance_year,capital_allocation,chunk_id,cc99294f464388fa; 9f933cf8a3152410; 03d7de98f092489a; d2dcbe679f4a6786; caaf18b97fb567f8; 54613c492c278088; 354c5c323cd67894,packs/0000059478/0000059478-26-000013,0000059478-26-000013,"Selected annual filing evidence supports dividends 5384, repurchases 4108, cash 7268, securities not_disclosed, debt 42503.",medium,"Standard capital-allocation fields normalized from the selected annual XBRL sidecar; cited chunks include source balance sheet, cash-flow, or MD&A tables. Fields remain not_disclosed only when no unambiguous standard fact was extracted."
operating-profile-table.csv,Exxon Mobil,XOM,current_sp500_top20_2026,dominance_year,operating_profile,chunk_id,d69376907ed8777a; fcdf22cb91490105; e18a8a28adfcf588; 2951de14f973d74a; 0a13d3fde1620b3c; e8e8bee6522ab133; a035df9359904dd4,packs/0000034088/0000034088-26-000045,0000034088-26-000045,"Selected annual filing evidence supports revenue 332238, operating income not_disclosed, net income 28844, R&D 1200, capex 28358, employees not_disclosed.",medium,"Standard numeric fields normalized from the selected annual XBRL sidecar; cited chunks include the source financial statement or MD&A tables. Margins/intensities derive from same-period values where available. Operating income, gross margin, R&D, or capex remains not_meaningful/not_disclosed only where no comparable standard fact was extracted."
capital-allocation-table.csv,Exxon Mobil,XOM,current_sp500_top20_2026,dominance_year,capital_allocation,chunk_id,d69376907ed8777a; fcdf22cb91490105; 4d7e05b0a8854ea0; bbfae7d656389d51; 7d2b846d92770f2c; 303f86d6f5e6e69e,packs/0000034088/0000034088-26-000045,0000034088-26-000045,"Selected annual filing evidence supports dividends 17231, repurchases 20273, cash 10681, securities not_disclosed, debt 43537.",medium,"Standard capital-allocation fields normalized from the selected annual XBRL sidecar; cited chunks include source balance sheet, cash-flow, or MD&A tables. Fields remain not_disclosed only when no unambiguous standard fact was extracted."
operating-profile-table.csv,Visa,V,current_sp500_top20_2026,dominance_year,operating_profile,chunk_id,ecad61173b7d4527; 69abefc6acca05b1; 605be01d59209a5d; 91c77b82959e3ba8; ecc8d6b393c6ad31; a97cf3682f292770; 9ce61fd35ea23157; 30dd6bf1a34b9f93,packs/0001403161/0001403161-25-000089,0001403161-25-000089,"Selected annual filing evidence supports revenue 40000, operating income 23994, net income 20058, R&D not_meaningful, capex 1482, employees not_disclosed.",medium,"Standard numeric fields normalized from the selected annual XBRL sidecar; cited chunks include the source financial statement or MD&A tables. Margins/intensities derive from same-period values where available. Operating income, gross margin, R&D, or capex remains not_meaningful/not_disclosed only where no comparable standard fact was extracted."
capital-allocation-table.csv,Visa,V,current_sp500_top20_2026,dominance_year,capital_allocation,chunk_id,ecad61173b7d4527; 69abefc6acca05b1; 605be01d59209a5d; f5b0898e17ab9233; f2cad518558773d8; a62fbef9da30d6e7; 90358ae04e7fecb5,packs/0001403161/0001403161-25-000089,0001403161-25-000089,"Selected annual filing evidence supports dividends 4634, repurchases 18316, cash 17164, securities 2421, debt 25171.",medium,"Standard capital-allocation fields normalized from the selected annual XBRL sidecar; cited chunks include source balance sheet, cash-flow, or MD&A tables. Fields remain not_disclosed only when no unambiguous standard fact was extracted."
operating-profile-table.csv,Micron Technology,MU,current_sp500_top20_2026,dominance_year,operating_profile,chunk_id,386867fcdf159431; e0edc2ae5ba05323; 0986712ab1f8f432; b61e71e8dc066664; feb0388a5793b0ac; 6786d3c397b3a178; 933d9e667d20a207,packs/0000723125/0000723125-25-000028,0000723125-25-000028,"Selected annual filing evidence supports revenue 37378, operating income 9770, net income 8539, R&D 3798, capex 15857, employees not_disclosed.",medium,"Standard numeric fields normalized from the selected annual XBRL sidecar; cited chunks include the source financial statement or MD&A tables. Margins/intensities derive from same-period values where available. Operating income, gross margin, R&D, or capex remains not_meaningful/not_disclosed only where no comparable standard fact was extracted."
capital-allocation-table.csv,Micron Technology,MU,current_sp500_top20_2026,dominance_year,capital_allocation,chunk_id,386867fcdf159431; e0edc2ae5ba05323; 0986712ab1f8f432; e5909c2d4033241f; c118a85588fd0e23; f918671101580e44; 7ac6ccdfd6fb7580,packs/0000723125/0000723125-25-000028,0000723125-25-000028,"Selected annual filing evidence supports dividends 522, repurchases 0, cash 9642, securities not_disclosed, debt 14577.",medium,"Standard capital-allocation fields normalized from the selected annual XBRL sidecar; cited chunks include source balance sheet, cash-flow, or MD&A tables. Fields remain not_disclosed only when no unambiguous standard fact was extracted."
operating-profile-table.csv,Advanced Micro Devices,AMD,current_sp500_top20_2026,dominance_year,operating_profile,chunk_id,34939d242a49c7a2; b794e110d9b3769a; 49f10deba779caad; d288ac3ab828c684; 8c9ea306ff08a701; 22dd6da45ef04921; ed2ab5f61012ad5e,packs/0000002488/0000002488-26-000018,0000002488-26-000018,"Selected annual filing evidence supports revenue 34639, operating income 3694, net income 4335, R&D 8091, capex 974, employees not_disclosed.",medium,"Standard numeric fields normalized from the selected annual XBRL sidecar; cited chunks include the source financial statement or MD&A tables. Margins/intensities derive from same-period values where available. Operating income, gross margin, R&D, or capex remains not_meaningful/not_disclosed only where no comparable standard fact was extracted."
capital-allocation-table.csv,Advanced Micro Devices,AMD,current_sp500_top20_2026,dominance_year,capital_allocation,chunk_id,34939d242a49c7a2; b794e110d9b3769a; 49f10deba779caad; ed2ab5f61012ad5e; 9782eb07c32d800d; 93dceb769101d7a3; 7a6ac3f5adf53288,packs/0000002488/0000002488-26-000018,0000002488-26-000018,"Selected annual filing evidence supports dividends not_disclosed, repurchases 1316, cash 5539, securities 5013, debt 3222.",medium,"Standard capital-allocation fields normalized from the selected annual XBRL sidecar; cited chunks include source balance sheet, cash-flow, or MD&A tables. Fields remain not_disclosed only when no unambiguous standard fact was extracted."
operating-profile-table.csv,Johnson & Johnson,JNJ,current_sp500_top20_2026,dominance_year,operating_profile,chunk_id,cada017cefbc5fa1; ddf0b35bfe20f720; 90a70f54551b403d; d5bc65dca3fe6214; ef97604b9d72b187; d606985e75bb6d8e; c7a417233e29ca22; 0ae26be4f92554b6,packs/0000200406/0000200406-26-000016,0000200406-26-000016,"Selected annual filing evidence supports revenue 94193, operating income not_disclosed, net income 26804, R&D 14665, capex 4832, employees 138,200.",medium,"Standard numeric fields normalized from the selected annual XBRL sidecar; cited chunks include the source financial statement or MD&A tables. Margins/intensities derive from same-period values where available. Operating income, gross margin, R&D, or capex remains not_meaningful/not_disclosed only where no comparable standard fact was extracted."
capital-allocation-table.csv,Johnson & Johnson,JNJ,current_sp500_top20_2026,dominance_year,capital_allocation,chunk_id,cada017cefbc5fa1; ddf0b35bfe20f720; 90a70f54551b403d; c721fe4f988f1aaf; 6c5c1c2981f844ae; d606985e75bb6d8e; bbdd84f417a18f4a,packs/0000200406/0000200406-26-000016,0000200406-26-000016,"Selected annual filing evidence supports dividends 12381, repurchases 5953, cash 19709, securities 393, debt 49933.",medium,"Standard capital-allocation fields normalized from the selected annual XBRL sidecar; cited chunks include source balance sheet, cash-flow, or MD&A tables. Fields remain not_disclosed only when no unambiguous standard fact was extracted."
operating-profile-table.csv,Oracle,ORCL,current_sp500_top20_2026,dominance_year,operating_profile,chunk_id,f3ede522013cf9e5; 8ce3c6c1a3073dd1; 594fd9c9d7012424; 0cae6e344bcf87c1; d327f577a68e949f; b8144882db68f212; 7f21fa2851c8bb36,packs/0001341439/0000950170-25-087926,0000950170-25-087926,"Selected annual filing evidence supports revenue 57399, operating income 17678, net income 12443, R&D 9860, capex 21215, employees not_disclosed.",medium,"Standard numeric fields normalized from the selected annual XBRL sidecar; cited chunks include the source financial statement or MD&A tables. Margins/intensities derive from same-period values where available. Operating income, gross margin, R&D, or capex remains not_meaningful/not_disclosed only where no comparable standard fact was extracted."
capital-allocation-table.csv,Oracle,ORCL,current_sp500_top20_2026,dominance_year,capital_allocation,chunk_id,f3ede522013cf9e5; 8ce3c6c1a3073dd1; 594fd9c9d7012424; 6d294f8168650a47; 86bfef1f6307b5d6; 776323fa5993ed47; 8e8c229c0615af41,packs/0001341439/0000950170-25-087926,0000950170-25-087926,"Selected annual filing evidence supports dividends 4743, repurchases 600, cash 10786, securities not_disclosed, debt 92568.",medium,"Standard capital-allocation fields normalized from the selected annual XBRL sidecar; cited chunks include source balance sheet, cash-flow, or MD&A tables. Fields remain not_disclosed only when no unambiguous standard fact was extracted."
operating-profile-table.csv,Mastercard,MA,current_sp500_top20_2026,dominance_year,operating_profile,chunk_id,c6ab47a3be08dc78; e0e0ef75933df8ad; 2ceef30bdbfe9d2b; 956f8914092ddb3c; 0db20a4717e4b86d; e230b65570892e82,packs/0001141391/0001141391-26-000013,0001141391-26-000013,"Selected annual filing evidence supports revenue 32791, operating income 18897, net income 14968, R&D not_meaningful, capex 489, employees not_disclosed.",medium,"Standard numeric fields normalized from the selected annual XBRL sidecar; cited chunks include the source financial statement or MD&A tables. Margins/intensities derive from same-period values where available. Operating income, gross margin, R&D, or capex remains not_meaningful/not_disclosed only where no comparable standard fact was extracted."
capital-allocation-table.csv,Mastercard,MA,current_sp500_top20_2026,dominance_year,capital_allocation,chunk_id,c6ab47a3be08dc78; e0e0ef75933df8ad; 2ceef30bdbfe9d2b; c64b8a18557b8889; ab48bd971c896ea8; 98d8762afcdafcfc; 58306ad3ce1755c7; 01e8bfef31bbdd32,packs/0001141391/0001141391-26-000013,0001141391-26-000013,"Selected annual filing evidence supports dividends 2756, repurchases 11727, cash 10566, securities 319, debt 19000.",medium,"Standard capital-allocation fields normalized from the selected annual XBRL sidecar; cited chunks include source balance sheet, cash-flow, or MD&A tables. Fields remain not_disclosed only when no unambiguous standard fact was extracted."
operating-profile-table.csv,Costco Wholesale,COST,current_sp500_top20_2026,dominance_year,operating_profile,chunk_id,a0e37c097fccca33; 498b96b34c471de9; 58d394300bbcfca4; d4e8abe9fab8bb05; b3d1f9d10d6ff5ab; feac4d56b61b42ea; cac19c5e3428150b,packs/0000909832/0000909832-25-000101,0000909832-25-000101,"Selected annual filing evidence supports revenue 275235, operating income 10383, net income 8099, R&D not_meaningful, capex 5498, employees 341,000.",medium,"Standard numeric fields normalized from the selected annual XBRL sidecar; cited chunks include the source financial statement or MD&A tables. Margins/intensities derive from same-period values where available. Operating income, gross margin, R&D, or capex remains not_meaningful/not_disclosed only where no comparable standard fact was extracted."
capital-allocation-table.csv,Costco Wholesale,COST,current_sp500_top20_2026,dominance_year,capital_allocation,chunk_id,a0e37c097fccca33; 498b96b34c471de9; 58d394300bbcfca4; d4e8abe9fab8bb05; 6623223a9e1f9414; 396beddf2b2137dd,packs/0000909832/0000909832-25-000101,0000909832-25-000101,"Selected annual filing evidence supports dividends 2183, repurchases 903, cash 14161, securities 1123, debt 5788.",medium,"Standard capital-allocation fields normalized from the selected annual XBRL sidecar; cited chunks include source balance sheet, cash-flow, or MD&A tables. Fields remain not_disclosed only when no unambiguous standard fact was extracted."
kpi-disclosure-table.csv,Coca-Cola,KO,earlier_sp500_top20_1996,dominance_year,kpi_disclosure,raw_sec_txt,raw:KO-1996:L449-L460,https://www.sec.gov/Archives/edgar/data/21344/000002134497000014/0000021344-97-000014.txt,0000021344-97-000014,Coca-Cola disclosed worldwide unit case volume by bottler type of independent bottlers 40%; equity/investee bottlers 45%; controlled/consolidated operations 15% percent of worldwide unit case volume.,high,Raw SEC anchor used because the old annual pack renders poorly.
kpi-disclosure-table.csv,Exxon Mobil,XOM,earlier_sp500_top20_1996,dominance_year,kpi_disclosure,raw_sec_txt,raw:XOM-1996:L257-L294; raw:XOM-1996:L306-L312,https://www.sec.gov/Archives/edgar/data/34088/000093066196000138/0000930661-96-000138.txt,0000930661-96-000138,"Exxon Mobil disclosed net proved oil and gas reserves of oil 11,813; gas 5,427 million barrels oil; billion cubic feet gas.",high,Raw SEC anchor used because the old annual pack renders poorly.
kpi-disclosure-table.csv,Intel,INTC,earlier_sp500_top20_1996,dominance_year,kpi_disclosure,raw_sec_txt,raw:INTC-1996:L210-L216,https://www.sec.gov/Archives/edgar/data/50863/000005086397000020/0000050863-97-000020.txt,0000050863-97-000020,Intel disclosed Pentium microprocessors and related board-level products revenue mix of majority of revenue and substantial majority of gross margin qualitative recurring product mix.,medium,Qualitative recurring product-mix KPI; no precise value disclosed in the cited passage.
kpi-disclosure-table.csv,Microsoft,MSFT,earlier_sp500_top20_1996,dominance_year,kpi_disclosure,raw_sec_txt,raw:MSFT-1996:L1661-L1665,https://www.sec.gov/Archives/edgar/data/789019/000089102096001130/0000891020-96-001130.txt,0000891020-96-001130,Microsoft disclosed Platforms Product Group revenue of 4.11 USD billions.,high,Raw SEC anchor used because the old annual pack renders poorly.
kpi-disclosure-table.csv,General Electric,GE,earlier_sp500_top20_1996,dominance_year,kpi_disclosure,raw_sec_txt,raw:GE-1996:L2408-L2415,https://www.sec.gov/Archives/edgar/data/40545/000004054597000005/0000040545-97-000005.txt,0000040545-97-000005,"General Electric disclosed Industrial Products and Systems revenue of 10,412 USD millions.",high,Raw SEC anchor used because the old annual pack renders poorly.
kpi-disclosure-table.csv,Merck,MRK,earlier_sp500_top20_1996,dominance_year,kpi_disclosure,raw_sec_txt,raw:MRK-1996:L2311-L2316,https://www.sec.gov/Archives/edgar/data/64978/000095013097001093/0000950130-97-001093.txt,0000950130-97-001093,Merck disclosed that Medco managed pharmaceutical benefits for over 49 million plan participants and managed over 235 million prescriptions in 1996.,high,Corrected to historical Merck CIK 0000064978; raw SEC anchor used because the old annual pack renders poorly.
kpi-disclosure-table.csv,IBM,IBM,earlier_sp500_top20_1996,dominance_year,kpi_disclosure,raw_sec_txt,raw:IBM-1996:L2937-L2944; raw:IBM-1996:L5541-L5542,https://www.sec.gov/Archives/edgar/data/51143/000091205797010483/0000912057-97-010483.txt,0000912057-97-010483,IBM has no validated recurring KPI in the reviewed annual evidence.,medium,Conservative none_disclosed row; consolidated revenue was not treated as a KPI.
kpi-disclosure-table.csv,Procter & Gamble,PG,earlier_sp500_top20_1996,dominance_year,kpi_disclosure,raw_sec_txt,raw:PG-1996:L4678-L4685,https://www.sec.gov/Archives/edgar/data/80424/000008042496000017/0000080424-96-000017.txt,0000080424-96-000017,"Procter & Gamble disclosed Laundry and Cleaning segment net sales of 10,673 USD millions.",high,Raw SEC anchor used because the old annual pack renders poorly.
kpi-disclosure-table.csv,Johnson & Johnson,JNJ,earlier_sp500_top20_1996,dominance_year,kpi_disclosure,raw_sec_txt,raw:JNJ-1996:L3327-L3331,https://www.sec.gov/Archives/edgar/data/200406/000095012397002843/0000950123-97-002843.txt,0000950123-97-002843,"Johnson & Johnson disclosed Professional segment sales of 8,068 USD millions.",high,Raw SEC anchor used because the old annual pack renders poorly.
kpi-disclosure-table.csv,Walmart,WMT,earlier_sp500_top20_1996,dominance_year,kpi_disclosure,raw_sec_txt,raw:WMT-1996:L174-L180,https://www.sec.gov/Archives/edgar/data/104169/000010416997000003/0000104169-97-000003.txt,0000104169-97-000003,"Walmart disclosed domestic store and club count of Wal-Mart stores 1,960; Sam's Clubs 436; Supercenters 344 stores/clubs.",high,Raw SEC anchor used because the old annual pack renders poorly.
kpi-disclosure-table.csv,Bristol-Myers Squibb,BMY,earlier_sp500_top20_1996,dominance_year,kpi_disclosure,raw_sec_txt,raw:BMY-1996:L1328-L1336,https://www.sec.gov/Archives/edgar/data/14272/000001427297000008/0000014272-97-000008.txt,0000014272-97-000008,"Bristol-Myers Squibb disclosed Pharmaceutical Products segment sales of 8,702 USD millions.",high,Raw SEC anchor used because the old annual pack renders poorly.
kpi-disclosure-table.csv,Pfizer,PFE,earlier_sp500_top20_1996,dominance_year,kpi_disclosure,raw_sec_txt,raw:PFE-1996:L9729-L9738,https://www.sec.gov/Archives/edgar/data/78003/000095011697000605/0000950116-97-000605.txt,0000950116-97-000605,"Pfizer disclosed Health Care segment net sales of 9,630 USD millions.",high,Raw SEC anchor used because the old annual pack renders poorly.
kpi-disclosure-table.csv,Walt Disney,DIS,earlier_sp500_top20_1996,dominance_year,kpi_disclosure,raw_sec_txt,raw:DIS-1996:L2761-L2766,https://www.sec.gov/Archives/edgar/data/1001039/000089843096005815/0000898430-96-005815.txt,0000898430-96-005815,"Walt Disney disclosed Creative Content segment revenues of 10,095 USD millions.",high,Raw SEC anchor used because the old annual pack renders poorly.
kpi-disclosure-table.csv,PepsiCo,PEP,earlier_sp500_top20_1996,dominance_year,kpi_disclosure,raw_sec_txt,raw:PEP-1996:L235-L250,https://www.sec.gov/Archives/edgar/data/77476/000007747697000007/0000077476-97-000007.txt,0000077476-97-000007,"PepsiCo disclosed Pizza Hut system unit count of company/affiliate 5,045; franchisee 3,165; licensee 1,155 restaurants, delivery/carryout units, and kiosk outlets.",high,"Counts aggregate the directly cited Pizza Hut rows: 4,800 plus 245; 3,000 plus 165; 1,000 plus 155."
kpi-disclosure-table.csv,Chevron,CVX,earlier_sp500_top20_1996,dominance_year,kpi_disclosure,raw_sec_txt,raw:CVX-1996:L982-L1016; raw:CVX-1996:L1023-L1035,https://www.sec.gov/Archives/edgar/data/93410/000009341096000003/0000093410-96-000003.txt,0000093410-96-000003,"Chevron disclosed net production including affiliates of liquids 1,000,710; natural gas 2,432,800 barrels per day; thousand cubic feet per day.",high,Raw SEC anchor used because the old annual pack renders poorly.
kpi-disclosure-table.csv,AIG,AIG,earlier_sp500_top20_1996,dominance_year,kpi_disclosure,raw_sec_txt,raw:AIG-1996:L197-L203,https://www.sec.gov/Archives/edgar/data/5272/000095012397002720/0000950123-97-002720.txt,0000950123-97-002720,"AIG disclosed general insurance gross premiums written of 18,319,132 USD thousands.",high,Raw SEC anchor used because the old annual pack renders poorly.
kpi-disclosure-table.csv,Cisco Systems,CSCO,earlier_sp500_top20_1996,dominance_year,kpi_disclosure,raw_sec_txt,raw:CSCO-1996:L1251-L1269,https://www.sec.gov/Archives/edgar/data/858877/000095014996001640/0000950149-96-001640.txt,0000950149-96-001640,Cisco Systems disclosed international customer sales share of 48.2 percent of net sales.,medium,Recurring geographic/customer sales metric; raw SEC anchor used because the old annual pack renders poorly.
kpi-disclosure-table.csv,Eli Lilly,LLY,earlier_sp500_top20_1996,dominance_year,kpi_disclosure,raw_sec_txt,raw:LLY-1996:L2473-L2484,https://www.sec.gov/Archives/edgar/data/59478/000005947896000001/0000059478-96-000001.txt,0000059478-96-000001,Eli Lilly disclosed Prozac sales of 2.1 USD billions approximate.,high,Product sales are presented in recurring pharmaceutical sales discussion.
kpi-disclosure-table.csv,Fannie Mae,FNMA,earlier_sp500_top20_1996,dominance_year,kpi_disclosure,availability_exception,availability_exception:FNMA-1996:no-sec-annual-filing,reports/dominant-company-architecture/search-notes/fnma-1996-sec-availability.md,no-1995-1997-sec-annual,Fannie Mae has no validated recurring KPI in the reviewed annual evidence.,low,Availability exception carried forward from Task 4.
kpi-disclosure-table.csv,JPMorgan Chase,JPM,earlier_sp500_top20_1996,dominance_year,kpi_disclosure,raw_sec_txt,raw:JPM-1996:L11291-L11310,https://www.sec.gov/Archives/edgar/data/19617/000095012397002412/0000950123-97-002412.txt,0000950123-97-002412,"JPMorgan Chase disclosed loans of 155,092 USD millions.",medium,Financial services balance-sheet KPI from the selected annual raw filing.
kpi-disclosure-table.csv,NVIDIA,NVDA,current_sp500_top20_2026,dominance_year,kpi_disclosure,chunk_id,76db4f64fb7c0f8c,packs/0001045810/0001045810-26-000021,0001045810-26-000021,"NVIDIA disclosed Compute & Networking segment revenue of 130,141 USD millions.",high,Chunk-backed evidence from selected annual 10-K.
kpi-disclosure-table.csv,Alphabet,GOOGL,current_sp500_top20_2026,dominance_year,kpi_disclosure,chunk_id,7c2c95e2c66d9aac,packs/0001652044/0001652044-26-000018,0001652044-26-000018,"Alphabet disclosed Google Cloud revenues of 58,705 USD millions.",high,Chunk-backed evidence from selected annual 10-K.
kpi-disclosure-table.csv,Apple,AAPL,current_sp500_top20_2026,dominance_year,kpi_disclosure,chunk_id,67e42a2107c11ccd,packs/0000320193/0000320193-25-000079,0000320193-25-000079,"Apple disclosed iPhone net sales of 209,586 USD millions.",high,Chunk-backed evidence from selected annual 10-K.
kpi-disclosure-table.csv,Microsoft,MSFT,current_sp500_top20_2026,dominance_year,kpi_disclosure,chunk_id,12d2b6ebe61c3703,packs/0000789019/0000950170-25-100235,0000950170-25-100235,"Microsoft disclosed Intelligent Cloud revenue of 106,265 USD millions.",high,Chunk-backed evidence from selected annual 10-K.
kpi-disclosure-table.csv,Amazon,AMZN,current_sp500_top20_2026,dominance_year,kpi_disclosure,chunk_id,ed6c560457d7bf0e,packs/0001018724/0001018724-26-000004,0001018724-26-000004,"Amazon disclosed AWS net sales of 128,725 USD millions.",high,Chunk-backed evidence from selected annual 10-K.
kpi-disclosure-table.csv,Broadcom,AVGO,current_sp500_top20_2026,dominance_year,kpi_disclosure,chunk_id,5c5ad1014756413d,packs/0001730168/0001730168-25-000121,0001730168-25-000121,"Broadcom disclosed Semiconductor solutions net revenue of 36,858 USD millions.",high,Chunk-backed evidence from selected annual 10-K.
kpi-disclosure-table.csv,Meta Platforms,META,current_sp500_top20_2026,dominance_year,kpi_disclosure,chunk_id,1b4862134809d2ae,packs/0001326801/0001628280-26-003942,0001628280-26-003942,Meta Platforms disclosed Family daily active people of 3.58 billion average DAP.,high,Recurring platform metric from selected annual 10-K.
kpi-disclosure-table.csv,Tesla,TSLA,current_sp500_top20_2026,dominance_year,kpi_disclosure,chunk_id,2bdeaf78d75e4dd5,packs/0001318605/0001628280-26-003952,0001628280-26-003952,Tesla disclosed consumer vehicles delivered of 1.64 million vehicles approximate.,high,Recurring unit-volume metric from selected annual 10-K.
kpi-disclosure-table.csv,Berkshire Hathaway,BRK.B,current_sp500_top20_2026,dominance_year,kpi_disclosure,chunk_id,669cf53d60ff859b,packs/0001067983/0001193125-26-083899,0001193125-26-083899,"Berkshire Hathaway disclosed BNSF total freight cars/units of 9,622 thousands of cars/units.",high,Chunk-backed evidence from selected annual 10-K.
kpi-disclosure-table.csv,Walmart,WMT,current_sp500_top20_2026,dominance_year,kpi_disclosure,chunk_id,6fffbf1d11364638,packs/0000104169/0000104169-26-000055,0000104169-26-000055,"Walmart disclosed Walmart U.S. Supercenters of 3,566 retail units.",high,Chunk-backed evidence from selected annual 10-K.
kpi-disclosure-table.csv,JPMorgan Chase,JPM,current_sp500_top20_2026,dominance_year,kpi_disclosure,chunk_id,af34a6ad1f330838,packs/0000019617/0001628280-26-008131,0001628280-26-008131,JPMorgan Chase disclosed cards in force of 116.5 million cards.,high,Chunk-backed financial services metric from selected annual 10-K.
kpi-disclosure-table.csv,Eli Lilly,LLY,current_sp500_top20_2026,dominance_year,kpi_disclosure,chunk_id,72b65526816d5c90,packs/0000059478/0000059478-26-000013,0000059478-26-000013,"Eli Lilly disclosed Mounjaro net product revenue of 22,965 USD millions.",high,Chunk-backed evidence from selected annual 10-K.
kpi-disclosure-table.csv,Exxon Mobil,XOM,current_sp500_top20_2026,dominance_year,kpi_disclosure,chunk_id,9d86c6b9e763c9a7,packs/0000034088/0000034088-26-000045,0000034088-26-000045,"Exxon Mobil disclosed oil-equivalent production of 4,736 thousand oil-equivalent barrels daily.",high,Chunk-backed evidence from selected annual 10-K.
kpi-disclosure-table.csv,Visa,V,current_sp500_top20_2026,dominance_year,kpi_disclosure,chunk_id,08731104fc5d8024,packs/0001403161/0001403161-25-000089,0001403161-25-000089,"Visa disclosed Visa processed transactions of 257,545 million transactions.",high,Chunk-backed financial services metric from selected annual 10-K.
kpi-disclosure-table.csv,Micron Technology,MU,current_sp500_top20_2026,dominance_year,kpi_disclosure,chunk_id,933d9e667d20a207,packs/0000723125/0000723125-25-000028,0000723125-25-000028,"Micron Technology disclosed Cloud Memory Business Unit revenue of 13,524 USD millions.",high,Chunk-backed evidence from selected annual 10-K.
kpi-disclosure-table.csv,Advanced Micro Devices,AMD,current_sp500_top20_2026,dominance_year,kpi_disclosure,chunk_id,8c9ea306ff08a701,packs/0000002488/0000002488-26-000018,0000002488-26-000018,"Advanced Micro Devices disclosed Data Center net revenue of 16,635 USD millions.",high,Chunk-backed evidence from selected annual 10-K.
kpi-disclosure-table.csv,Johnson & Johnson,JNJ,current_sp500_top20_2026,dominance_year,kpi_disclosure,chunk_id,ef97604b9d72b187,packs/0000200406/0000200406-26-000016,0000200406-26-000016,"Johnson & Johnson disclosed Innovative Medicine segment sales of 60,401 USD millions.",high,Chunk-backed evidence from selected annual 10-K.
kpi-disclosure-table.csv,Oracle,ORCL,current_sp500_top20_2026,dominance_year,kpi_disclosure,chunk_id,7fb4171f9e147682,packs/0001341439/0000950170-25-087926,0000950170-25-087926,"Oracle disclosed Cloud and license revenues of 49,230 USD millions.",high,Chunk-backed evidence from selected annual 10-K.
kpi-disclosure-table.csv,Mastercard,MA,current_sp500_top20_2026,dominance_year,kpi_disclosure,chunk_id,adf87a8a06323b79,packs/0001141391/0001141391-26-000013,0001141391-26-000013,Mastercard disclosed switched transactions of 175.5 billion transactions.,high,Chunk-backed financial services metric from selected annual 10-K.
kpi-disclosure-table.csv,Costco Wholesale,COST,current_sp500_top20_2026,dominance_year,kpi_disclosure,chunk_id,25d26c13cc6c3950,packs/0000909832/0000909832-25-000101,0000909832-25-000101,Costco Wholesale disclosed warehouses worldwide of 914 warehouses.,high,Chunk-backed evidence from selected annual 10-K.
dominant-company-architecture-report.md,Dominant Company Architecture,,report,dominance_year,narrative_interpretation,table_rows,"control-table: MSFT 1996; control-table: INTC 1996; control-table: GOOGL 2026; control-table: META 2026; architecture-archetypes: all rows",reports/dominant-company-architecture/dominant-company-architecture-report.md,,"Dominance shifted from mostly manager-controlled incumbents toward a mixed regime of institutional technology, founder-led firms, and founder-voting platforms.",high,Opening thesis derived from completed control and archetype tables.
dominant-company-architecture-report.md,Dominant Company Architecture,,report,dominance_year,narrative_interpretation,table_rows,"control-table: MSFT 1996; control-table: INTC 1996; control-table: GOOGL 2026; control-table: META 2026; control-table: NVDA 2026; control-table: AAPL 2026; control-table: MSFT 2026; architecture-archetypes: all rows",reports/dominant-company-architecture/dominant-company-architecture-report.md,,"Founder power in 2026 is concentrated in a few voting-control platforms while several founder-led companies remain single-class and non-controlled.",high,Control section synthesis.
dominant-company-architecture-report.md,Dominant Company Architecture,,report,dominance_year,narrative_interpretation,table_rows,"governance-table: IBM 1996; governance-table: XOM 1996; governance-table: AAPL 2026; governance-table: MSFT 2026; governance-table: NVDA 2026; governance-table: GOOGL 2026; governance-table: META 2026",reports/dominant-company-architecture/dominant-company-architecture-report.md,,"Modern governance disclosure is more explicit and often shareholder-process friendly, but dual-class founder control limits the practical force of those rights at some platforms.",high,Governance section synthesis.
dominant-company-architecture-report.md,Dominant Company Architecture,,report,dominance_year,narrative_interpretation,table_rows,"operating-profile-table: MSFT 1996; operating-profile-table: XOM 1996; operating-profile-table: WMT 1996; operating-profile-table: NVDA 2026; operating-profile-table: GOOGL 2026; operating-profile-table: META 2026; operating-profile-table: AMZN 2026; operating-profile-table: AMD 2026",reports/dominant-company-architecture/dominant-company-architecture-report.md,,"The operating center of gravity moved from mature industrial, consumer, energy, financial, and pharma machines toward cloud, compute, platform, and semiconductor models, while physical-scale incumbents persisted.",high,Operating-machine section synthesis.
dominant-company-architecture-report.md,Dominant Company Architecture,,report,dominance_year,narrative_interpretation,table_rows,"capital-allocation-table: MSFT 1996; capital-allocation-table: AAPL 2026; capital-allocation-table: GOOGL 2026; capital-allocation-table: NVDA 2026; capital-allocation-table: META 2026; capital-allocation-table: AMZN 2026; capital-allocation-table: ORCL 2026; capital-allocation-table: AVGO 2026",reports/dominant-company-architecture/dominant-company-architecture-report.md,,"Capital allocation became more visible and heterogeneous, with current leaders showing explicit mixes of buybacks, dividends, reinvestment, cash, securities, and debt.",medium,Capital-allocation synthesis notes weaker comparability for 1996 extracted fields.
dominant-company-architecture-report.md,Dominant Company Architecture,,report,dominance_year,narrative_interpretation,table_rows,"kpi-disclosure-table: MSFT 1996; kpi-disclosure-table: INTC 1996; kpi-disclosure-table: XOM 1996; kpi-disclosure-table: WMT 1996; kpi-disclosure-table: NVDA 2026; kpi-disclosure-table: GOOGL 2026; kpi-disclosure-table: META 2026; kpi-disclosure-table: V 2026; kpi-disclosure-table: MA 2026; kpi-disclosure-table: LLY 2026",reports/dominant-company-architecture/dominant-company-architecture-report.md,,"Investor tracking shifted from mature product, reserve, store, and balance-sheet metrics toward cloud, compute, platform usage, transaction, and new product-concentration metrics.",high,KPI section synthesis.
dominant-company-architecture-report.md,Dominant Company Architecture,,report,dominance_year,narrative_interpretation,table_rows,"architecture-archetypes: all rows; architecture-archetypes: BRK.B 2026; architecture-archetypes: LLY 2026; architecture-archetypes: AVGO 2026; architecture-archetypes: FNMA 1996",reports/dominant-company-architecture/dominant-company-architecture-report.md,,"The archetype counts show the top-tier architecture is mixed, with manager-controlled old-line incumbents still largest but technology-specific founder and institutional categories now central.",high,Archetype section synthesis.
dominant-company-architecture-report.md,Dominant Company Architecture,,report,dominance_year,narrative_interpretation,table_rows,"control-table: MSFT 1996; control-table: MSFT 2026; control-table: NVDA 2026; control-table: WMT 1996; control-table: WMT 2026; control-table: AVGO 2026; architecture-archetypes: MSFT 1996; architecture-archetypes: MSFT 2026; architecture-archetypes: BRK.B 2026",reports/dominant-company-architecture/dominant-company-architecture-report.md,,"Microsoft, Nvidia, Walmart, Broadcom, Berkshire, and old-line no-founder rows break any simple founder-versus-manager story.",high,Story-breaking cases section synthesis.
dominant-company-architecture-report.md,Dominant Company Architecture,,report,dominance_year,narrative_interpretation,table_rows,"control-table: MSFT 1996; governance-table: MSFT 1996; architecture-archetypes: IBM 1996; architecture-archetypes: GE 1996; governance-table: AAPL 2026; kpi-disclosure-table: META 2026; architecture-archetypes: all rows",reports/dominant-company-architecture/dominant-company-architecture-report.md,,"The report's main limits are old SEC text routing, left-censored older company life arcs, governance comparability, business-model-specific KPIs, and the absence of a global ADR or 20-F extension.",medium,Limits section synthesis.
dominant-company-architecture-report.md,Dominant Company Architecture,,report,dominance_year,narrative_interpretation,table_rows,"architecture-archetypes: KO 1996; architecture-archetypes: XOM 1996; architecture-archetypes: GE 1996; architecture-archetypes: IBM 1996; architecture-archetypes: JNJ 1996",reports/dominant-company-architecture/dominant-company-architecture-report.md,,"Many earlier dominant companies classify as manager-controlled old-line incumbents rather than founder-led companies.",high,Control section supporting detail.
dominant-company-architecture-report.md,Dominant Company Architecture,,report,dominance_year,narrative_interpretation,table_rows,"control-table: MSFT 1996; control-table: INTC 1996; governance-table: MSFT 1996; governance-table: INTC 1996",reports/dominant-company-architecture/dominant-company-architecture-report.md,,"Microsoft and Intel are 1996 founder-led exceptions with single-class governance and no table-backed founder majority voting mechanism.",high,Control section exception detail.
dominant-company-architecture-report.md,Dominant Company Architecture,,report,dominance_year,narrative_interpretation,table_rows,"control-table: GOOGL 2026; control-table: META 2026; governance-table: GOOGL 2026; governance-table: META 2026",reports/dominant-company-architecture/dominant-company-architecture-report.md,,"Alphabet and Meta preserve formal founder-voting platform control through multi-class or dual-class structures.",high,Control and governance detail.
dominant-company-architecture-report.md,Dominant Company Architecture,,report,dominance_year,narrative_interpretation,table_rows,"control-table: NVDA 2026; control-table: AMZN 2026; control-table: TSLA 2026; control-table: ORCL 2026; architecture-archetypes: TSLA 2026",reports/dominant-company-architecture/dominant-company-architecture-report.md,,"Nvidia, Amazon, Tesla, and Oracle show founder or operator influence without being classified as founder-controlled platforms.",high,Control section distinction.
dominant-company-architecture-report.md,Dominant Company Architecture,,report,dominance_year,narrative_interpretation,table_rows,"control-table: AAPL 2026; control-table: MSFT 2026; control-table: AMD 2026; control-table: MU 2026; architecture-archetypes: AAPL 2026; architecture-archetypes: MSFT 2026",reports/dominant-company-architecture/dominant-company-architecture-report.md,,"Several current founder-origin technology companies now show institutional single-class public-company control evidence.",high,Control section founder-origin detail.
dominant-company-architecture-report.md,Dominant Company Architecture,,report,dominance_year,narrative_interpretation,table_rows,"control-table: WMT 1996; control-table: WMT 2026; architecture-archetypes: WMT 1996; architecture-archetypes: WMT 2026",reports/dominant-company-architecture/dominant-company-architecture-report.md,,"Walmart shows founder-family control outside technology in both comparison eras.",high,Story-breaking case detail.
dominant-company-architecture-report.md,Dominant Company Architecture,,report,dominance_year,narrative_interpretation,table_rows,"control-table: BRK.B 2026; governance-table: BRK.B 2026; architecture-archetypes: BRK.B 2026",reports/dominant-company-architecture/dominant-company-architecture-report.md,,"Berkshire has Buffett voting influence but does not fit the founder-family archetype, exposing a taxonomy gap.",medium,Story-breaking case detail.
dominant-company-architecture-report.md,Dominant Company Architecture,,report,dominance_year,narrative_interpretation,table_rows,"governance-table: AAPL 2026; governance-table: MSFT 2026; governance-table: NVDA 2026; governance-table: JPM 2026; governance-table: V 2026",reports/dominant-company-architecture/dominant-company-architecture-report.md,,"Modern governance rows more often disclose proxy access, annual elections, and independent committee structures in explicit terms.",high,Governance section detail.
dominant-company-architecture-report.md,Dominant Company Architecture,,report,dominance_year,narrative_interpretation,table_rows,"governance-table: GOOGL 2026; governance-table: META 2026; control-table: GOOGL 2026; control-table: META 2026",reports/dominant-company-architecture/dominant-company-architecture-report.md,,"Shareholder-process rights can coexist with decisive founder voting power at modern controlled platforms.",high,Governance section exception detail.
dominant-company-architecture-report.md,Dominant Company Architecture,,report,dominance_year,narrative_interpretation,table_rows,"governance-table: IBM 1996; governance-table: XOM 1996; governance-table: MSFT 1996; governance-table: MRK 1996",reports/dominant-company-architecture/dominant-company-architecture-report.md,,"Older governance rows are less comparable because pre-2000 proxy language and raw SEC text routing are less standardized than modern disclosures.",medium,Governance limits detail.
dominant-company-architecture-report.md,Dominant Company Architecture,,report,dominance_year,narrative_interpretation,table_rows,"operating-profile-table: NVDA 2026; operating-profile-table: GOOGL 2026; operating-profile-table: META 2026; operating-profile-table: AMD 2026; operating-profile-table: ORCL 2026",reports/dominant-company-architecture/dominant-company-architecture-report.md,,"The current technology operating center of gravity is cloud, compute, platform, data-center, and semiconductor scale.",high,Operating section detail.
dominant-company-architecture-report.md,Dominant Company Architecture,,report,dominance_year,narrative_interpretation,table_rows,"operating-profile-table: XOM 2026; operating-profile-table: WMT 2026; operating-profile-table: JNJ 2026; operating-profile-table: COST 2026",reports/dominant-company-architecture/dominant-company-architecture-report.md,,"Physical-scale incumbents persist in the current top tier alongside technology platforms.",high,Operating section exception detail.
dominant-company-architecture-report.md,Dominant Company Architecture,,report,dominance_year,narrative_interpretation,table_rows,"kpi-disclosure-table: META 2026; kpi-disclosure-table: WMT 2026; kpi-disclosure-table: V 2026; kpi-disclosure-table: XOM 2026; kpi-disclosure-table: MRK 1996",reports/dominant-company-architecture/dominant-company-architecture-report.md,,"Operating KPIs differ by business model and should not be collapsed into a single dominance metric.",high,KPI section limit detail.
dominant-company-architecture-report.md,Dominant Company Architecture,,report,dominance_year,narrative_interpretation,table_rows,"kpi-disclosure-table: IBM 1996; kpi-disclosure-table: FNMA 1996; control-table: FNMA 1996; governance-table: FNMA 1996",reports/dominant-company-architecture/dominant-company-architecture-report.md,,"IBM and Fannie Mae prevent false KPI precision because their rows are none_disclosed or availability-exception based.",medium,KPI section exception detail.
dominant-company-architecture-report.md,Dominant Company Architecture,,report,dominance_year,narrative_interpretation,table_rows,"capital-allocation-table: AAPL 2026; capital-allocation-table: MSFT 2026; capital-allocation-table: NVDA 2026; capital-allocation-table: GOOGL 2026; capital-allocation-table: META 2026",reports/dominant-company-architecture/dominant-company-architecture-report.md,,"Large current technology leaders combine visible buybacks, dividends, cash, securities, and reinvestment signals.",high,Capital allocation section detail.
dominant-company-architecture-report.md,Dominant Company Architecture,,report,dominance_year,narrative_interpretation,table_rows,"capital-allocation-table: AMZN 2026; capital-allocation-table: TSLA 2026; operating-profile-table: AMZN 2026; operating-profile-table: TSLA 2026",reports/dominant-company-architecture/dominant-company-architecture-report.md,,"Amazon and Tesla sit closer to reinvestment-heavy or no-regular-cash-return postures than to mature payout machines.",high,Capital allocation section contrast.
dominant-company-architecture-report.md,Dominant Company Architecture,,report,dominance_year,narrative_interpretation,table_rows,"capital-allocation-table: ORCL 2026; capital-allocation-table: AVGO 2026; architecture-archetypes: ORCL 2026; architecture-archetypes: AVGO 2026",reports/dominant-company-architecture/dominant-company-architecture-report.md,,"Oracle and Broadcom pair shareholder returns or acquisitions with high debt, making capital structure part of their architecture.",high,Capital allocation section contrast.
dominant-company-architecture-report.md,Dominant Company Architecture,,report,dominance_year,narrative_interpretation,table_rows,"control-table: MSFT 1996; control-table: MSFT 2026; architecture-archetypes: MSFT 1996; architecture-archetypes: MSFT 2026; kpi-disclosure-table: MSFT 1996; kpi-disclosure-table: MSFT 2026",reports/dominant-company-architecture/dominant-company-architecture-report.md,,"Microsoft shows a same-company transition from founder-led ownership to founder-origin institutional technology.",high,Story-breaking case detail.
dominant-company-architecture-report.md,Dominant Company Architecture,,report,dominance_year,narrative_interpretation,table_rows,"architecture-archetypes: IBM 1996; architecture-archetypes: GE 1996; architecture-archetypes: JNJ 1996; control-table: IBM 1996; control-table: GE 1996",reports/dominant-company-architecture/dominant-company-architecture-report.md,,"Old-line companies with no founder signal may be left-censored or institutionally seasoned rather than evidence against founder-led architecture.",medium,Limits and cases detail.
dominant-company-architecture-report.md,Dominant Company Architecture,,report,dominance_year,narrative_interpretation,table_rows,"control-table: FNMA 1996; governance-table: FNMA 1996; architecture-archetypes: all rows; kpi-disclosure-table: all rows",reports/dominant-company-architecture/dominant-company-architecture-report.md,,"The next research pass should improve old-filing evidence extraction, enrich life-arc context, add a non-founder operator-control category, and extend to ADR or 20-F issuers.",medium,Next-work synthesis.
